funding_time,funding_rate,mark_price
1704067200000,0.00022410,101.74786780
1704096000000,0.00032989,102.58600000
1704124800000,0.00051477,106.06654631
1704153600000,0.00057513,110.01332231
1704182400000,0.00046798,114.52340783
1704211200000,0.00096801,109.69483081
1704240000000,0.00032289,106.81696756
1704268800000,0.00013468,107.83683162
1704297600000,0.00010000,101.71819785
1704326400000,0.00010000,98.53401017
1704355200000,0.00010000,98.88674121
1704384000000,0.00010000,103.69800000
1704412800001,0.00010000,104.93415381
1704441600000,0.00010000,101.13300000
1704470400000,0.00010000,98.05000000
1704499200000,0.00010000,99.88638647
1704528000000,0.00010000,94.46891543
1704556800000,0.00010000,95.16100000
1704585600000,0.00010000,93.78629738
1704614400001,0.00010000,95.24846557
1704643200001,0.00010000,93.92617030
1704672000000,0.00010000,89.41400000
1704700800000,0.00010000,89.66144222
1704729600000,0.00010000,94.64300000
1704758400001,0.00010000,97.90255117
1704787200000,0.00010000,101.90900000
1704816000000,0.00010000,99.82460555
1704844800000,0.00010000,99.36389148
1704873600000,0.00010000,98.13978550
1704902400000,0.00010000,94.80962775
1704931200000,0.00010000,102.06300000
1704960000000,0.00010000,99.74500000
1704988800000,0.00010000,100.80800000
1705017600001,0.00010000,99.92100000
1705046400000,0.00010000,98.84500000
1705075200000,0.00010000,95.39600000
1705104000000,0.00010000,92.04835220
1705132800000,0.00010000,92.54741236
1705161600001,0.00010000,92.90600000
1705190400000,0.00010000,95.83966701
1705219200000,0.00010000,98.34494871
1705248000001,0.00010000,99.51826971
1705276800000,0.00010000,93.83306434
1705305600000,0.00010000,95.61733430
1705334400000,0.00010000,93.52561026
1705363200000,0.00010000,94.38706537
1705392000000,0.00010000,97.74300000
1705420800001,0.00010000,97.25399656
1705449600000,0.00010000,97.63700000
1705478400000,0.00010000,97.36600000
1705507200000,0.00010000,99.40800000
1705536000001,0.00010000,102.15100000
1705564800000,0.00010000,100.78500000
1705593600000,0.00010000,98.26896317
1705622400000,0.00010000,94.38400000
1705651200000,0.00010000,94.49106232
1705680000002,0.00010000,91.25252523
1705708800000,0.00010000,93.62445853
1705737600003,0.00010000,91.91718796
1705766400000,0.00010000,90.86000000
1705795200000,0.00010000,92.89575871
1705824000000,0.00010000,92.37480134
1705852800000,0.00010000,92.51116127
1705881600000,0.00010000,91.09327819
1705910400000,0.00010000,89.24091860
1705939200000,0.00010000,87.27127426
1705968000000,0.00010000,83.87131277
1705996800000,0.00010000,82.81747384
1706025600000,0.00010000,82.67800000
1706054400000,0.00010000,84.31496462
1706083200000,0.00010000,86.10000000
1706112000000,0.00010000,86.97934479
1706140800000,0.00010000,88.74864834
1706169600001,0.00010000,88.19537866
1706198400000,0.00010000,86.40768457
1706227200001,0.00010000,86.88581215
1706256000000,0.00010000,87.00000000
1706284800000,0.00007999,92.36670761
1706313600000,0.00010000,92.26700000
1706342400000,0.00010000,91.18600105
1706371200000,0.00010000,92.78200000
1706400000000,0.00008902,94.23907564
1706428800000,0.00002568,95.72600000
1706457600000,0.00010000,97.05200000
1706486400000,0.00010000,95.94100000
1706515200001,0.00003929,96.71300000
1706544000000,0.00010000,99.90111569
1706572800000,0.00010000,101.62600000
1706601600000,0.00004333,102.88300000
1706630400001,0.00010000,104.78078222
1706659200000,0.00010000,101.38340785
1706688000000,0.00005702,101.60687047
1706716800000,0.00010000,101.48855790
1706745600000,0.00005150,96.92434636
1706774400000,0.00010000,94.89019007
1706803200002,0.00007451,95.97825871
1706832000000,0.00010000,97.77500000
1706860800000,0.00010000,101.18976366
1706889600000,0.00010000,101.28400000
1706918400000,0.00010000,100.55100000
1706947200000,0.00009726,99.05600000
1706976000001,0.00010000,97.96034104
1707004800000,0.00010000,97.92321612
1707033600004,0.00010000,96.49500000
1707062400000,0.00010000,97.60300000
1707091200000,0.00010000,95.45318996
1707120000000,0.00010000,97.53909230
1707148800000,0.00010000,95.57325377
1707177600000,0.00005616,95.60702816
1707206400001,0.00010000,95.73401040
1707235200000,0.00010000,95.70213931
1707264000000,0.00010000,96.86159697
1707292800000,0.00010000,95.57182908
1707321600000,0.00010000,96.21800000
1707350400000,0.00010000,101.13246646
1707379200000,0.00010000,100.80477917
1707408000000,0.00010000,104.79100000
1707436800000,0.00007069,102.74400000
1707465600000,0.00003075,105.21100000
1707494400001,0.00010000,105.62000000
1707523200001,0.00010000,106.92300000
1707552000000,0.00010000,108.86600000
1707580800000,0.00010000,108.49745346
1707609600000,0.00010000,108.98526421
1707638400001,0.00010000,109.21771445
1707667200000,0.00010000,108.81016865
1707696000000,0.00010000,107.46495073
1707724800000,0.00010000,105.92723492
1707753600000,0.00010000,108.84309885
1707782400000,0.00010000,111.73900000
1707811200000,0.00014166,114.08700000
1707840000000,0.00010000,110.36482372
1707868800000,0.00010000,112.53326192
1707897600000,0.00010000,113.09900000
1707926400000,0.00029225,116.99454665
1707955200000,0.00013572,117.09173686
1707984000000,0.00015932,115.09659855
1708012800000,0.00012000,114.08665167
1708041600000,0.00022371,113.59700000
1708070400000,0.00032087,111.55200000
1708099200000,0.00016914,109.72400000
1708128000000,0.00017661,110.39169654
1708156800000,0.00042046,110.41000000
1708185600000,0.00028279,107.26800000
1708214400000,0.00022777,109.00724484
1708243200000,0.00019395,109.29084412
1708272000000,0.00022192,112.40701989
1708300800000,0.00030230,112.32154665
1708329600000,0.00029566,113.28900000
1708358400000,0.00031944,113.78000000
1708387200000,0.00047470,111.63358358
1708416000000,0.00029934,109.52366726
1708444800000,0.00031742,106.59061438
1708473600000,0.00016255,108.39609459
1708502400000,0.00025310,104.91685745
1708531200000,0.00017730,103.90400000
1708560000001,0.00016351,105.10500000
1708588800001,0.00021049,105.16100000
1708617600000,0.00018339,105.46900000
1708646400000,0.00026289,101.80500000
1708675200000,0.00032841,102.04600000
1708704000000,0.00016957,100.34084709
1708732800000,0.00027113,99.94884067
1708761600001,0.00033132,102.31200000
1708790400000,0.00026230,102.02748108
1708819200001,0.00027207,104.10902289
1708848000000,0.00041614,103.08854499
1708876800000,0.00042645,102.85000000
1708905600000,0.00055329,103.56900000
1708934400000,0.00055349,103.38663887
1708963200000,0.00038701,105.05500000
1708992000000,0.00060184,110.02913939
1709020800000,0.00069189,110.47468133
1709049600000,0.00051508,106.88460847
1709078400000,0.00032603,108.45000000
1709107200000,0.00040753,110.14368128
1709136000000,0.00078549,113.17211082
1709164800000,0.00089000,119.24687856
1709193600000,0.00098885,125.68452041
1709222400000,0.00081567,132.43200000
1709251200000,0.00060436,125.73100000
1709280000000,0.00061591,132.05237220
1709308800000,0.00066424,131.35739088
1709337600000,0.00073268,129.44700000
1709366400001,0.00075500,129.27649114
1709395200000,0.00063147,128.02068860
1709424000000,0.00076414,130.18400000
1709452800000,0.00054160,126.86034567
1709481600000,0.00058338,129.44168078
1709510400000,0.00070533,130.30800000
1709539200000,0.00072401,129.71152981
1709568000000,0.00073074,131.88400000
1709596800000,0.00071628,133.38137945
1709625600000,0.00119261,129.60000000
1709654400000,0.00114560,139.33123622
1709683200000,0.00010000,125.37700000
1709712000001,0.00036233,133.29800000
1709740800000,0.00038317,128.32500000
1709769600000,0.00038906,130.89446898
1709798400000,0.00054339,138.35700000
1709827200000,0.00052411,146.04482964
1709856000000,0.00059435,143.98534669
1709884800000,0.00055843,144.61434896
1709913600000,0.00053032,145.53000000
1709942400000,0.00048054,144.85847364
1709971200001,0.00029228,148.45700000
1710000000000,0.00044156,147.15098277
1710028800000,0.00040915,144.40217718
1710057600000,0.00084919,148.44962583
1710086400000,0.00033129,143.02500000
1710115200000,0.00023257,144.48890458
1710144000000,0.00066664,148.21572856
1710172800000,0.00081096,147.18986622
1710201600000,0.00071463,149.04855984
1710230400000,0.00073858,152.03500000
1710259200000,0.00055607,150.39890819
1710288000000,0.00064251,151.19203548
1710316800001,0.00069679,150.91000000
1710345600000,0.00064562,157.36100000
1710374400001,0.00052670,164.05844021
1710403200000,0.00051830,168.44300000
1710432000000,0.00052725,167.76600000
1710460800000,0.00063046,176.83800000
1710489600000,0.00034279,176.28014084
1710518400000,0.00027460,181.98300000
1710547200000,0.00014955,183.96153406
1710576000000,0.00020435,192.91400000
1710604800000,0.00015327,195.29940885
1710633600000,0.00014108,182.17207460
1710662400000,0.00010000,181.93187688
1710691200000,0.00030858,195.72345475
1710720000000,0.00033129,201.96200000
1710748800000,0.00028956,203.32821998
1710777600001,0.00018996,203.91000000
1710806400000,0.00020920,196.07942787
1710835200000,0.00020307,186.21300000
1710864000001,0.00010000,183.02696107
1710892800000,0.00018828,169.91700000
1710921600004,0.00018831,173.42900000
1710950400000,0.00010917,170.66037781
1710979200000,0.00015928,191.91500000
1711008000000,0.00030752,188.72144080
1711036800000,0.00014524,185.38044017
1711065600000,0.00014092,179.53500000
1711094400000,0.00014802,179.20266600
1711123200000,0.00016161,171.72640059
1711152000000,0.00015244,175.20815034
1711180800000,0.00015091,176.12500000
1711209600000,0.00016841,175.26200000
1711238400000,0.00017713,172.72500000
1711267200000,0.00015435,173.62781205
1711296000000,0.00025686,176.35991155
1711324800000,0.00021466,184.00072649
1711353600001,0.00017494,185.88800000
1711382400000,0.00020373,192.84830097
1711411200000,0.00039207,189.15896478
1711440000000,0.00020767,194.12614301
1711468800000,0.00025173,190.49100000
1711497600000,0.00032068,190.62300000
1711526400001,0.00040480,186.94178383
1711555200000,0.00025221,181.22500000
1711584000000,0.00026487,186.44800000
1711612800000,0.00039989,187.51293276
1711641600000,0.00036742,187.49952185
1711670400000,0.00045018,189.87190520
1711699200000,0.00035449,183.82301069
1711728000000,0.00040773,185.01888418
1711756800000,0.00052381,192.20000000
1711785600000,0.00055026,195.96664483
1711814400000,0.00058211,196.52786710
1711843200000,0.00044594,194.31410457
1711872000000,0.00046087,196.95300000
1711900800001,0.00053015,195.86000000
1711929600000,0.00083459,202.67800000
1711958400000,0.00044327,198.08340081
1711987200000,0.00031429,188.21700000
1712016000007,0.00015817,192.34853484
1712044800015,0.00010000,183.27200000
1712073600000,0.00015893,177.55400000
1712102400000,0.00010960,181.64800768
1712131200000,0.00010000,189.65000000
1712160000000,0.00016154,189.13700000
1712188800000,0.00010000,185.16402224
1712217600000,0.00010000,185.05461688
1712246400000,0.00016815,187.14640034
1712275200000,0.00010000,184.11500000
1712304000000,0.00010000,175.17696083
1712332800000,0.00010000,175.93700000
1712361600000,0.00010000,174.43127179
1712390400000,0.00010000,177.31900000
1712419200000,0.00010000,177.23200000
1712448000000,0.00010000,178.75074173
1712476800000,0.00010000,179.84600000
1712505600000,0.00010000,179.72776886
1712534400001,0.00013953,179.61600000
1712563200000,0.00025466,180.24859605
1712592000006,0.00018234,181.53400000
1712620800000,0.00013524,180.80273769
1712649600001,0.00012502,175.74196875
1712678400001,0.00011397,172.52900000
1712707200000,0.00036513,172.55000000
1712736000001,0.00031624,172.89152633
1712764800000,0.00017163,168.03909731
1712793600000,0.00027306,173.42449003
1712822400000,0.00024101,174.57075619
1712851200000,0.00027676,173.54800000
1712880000000,0.00026578,172.49700000
1712908800001,0.00029410,173.38468030
1712937600000,0.00025596,167.46000000
1712966400000,0.00010000,153.18345357
1712995200000,0.00010000,151.09500000
1713024000001,0.00010000,149.01800000
1713052800000,0.00010000,138.39379496
1713081600000,0.00010000,144.01900000
1713110400000,0.00010000,137.94924828
1713139200000,0.00009686,151.22558184
1713168000001,-0.00000758,153.70362534
1713196800000,0.00006370,143.23200000
1713225600001,-0.00005815,138.44476488
1713254400000,0.00004459,137.81100000
1713283200000,0.00002516,127.61114289
1713312000000,-0.00002599,136.18400000
1713340800000,0.00000333,139.39500000
1713369600000,0.00010000,128.70931950
1713398400000,0.00006888,131.79905024
1713427200000,0.00007203,129.37818107
1713456000000,0.00006590,138.93497706
1713484800001,-0.00001667,141.96356940
1713513600000,0.00004680,143.27100000
1713542400000,0.00002007,146.16566985
1713571200000,0.00010000,142.44400000
1713600000000,0.00004184,143.45200000
1713628800000,0.00006594,147.11599257
1713657600000,0.00007055,151.17800000
1713686400000,-0.00002982,151.04598597
1713715200000,0.00004268,150.10000000
1713744000000,0.00003735,148.75525153
1713772800000,0.00008512,153.56000000
1713801600000,-0.00003018,153.37400000
1713830400000,-0.00001270,156.88100000
1713859200000,-0.00004214,153.55200000
1713888000001,0.00001577,157.84000000
1713916800000,0.00000977,154.72300000
1713945600000,0.00000643,157.74783935
1713974400000,0.00010000,151.47400000
1714003200000,0.00010000,147.71375189
1714032000000,0.00002239,146.22900000
1714060800010,0.00010000,147.72044338
1714089600001,0.00006164,144.78700000
1714118400000,0.00008426,143.40300000
1714147200000,0.00008505,142.65697578
1714176000000,0.00005384,139.20100000
1714204800001,-0.00002561,136.09600000
1714233600000,0.00002358,137.67200000
1714262400000,0.00002733,141.23500000
1714291200000,0.00003029,143.50100000
1714320000000,0.00010000,141.93500000
1714348800000,0.00010000,137.92200000
1714377600000,0.00010000,134.90400000
1714406400000,0.00010000,136.43500000
1714435200000,0.00006384,137.69900000
1714464000000,0.00010000,135.03100000
1714492800000,0.00004102,127.72039636
1714521600000,-0.00003566,126.69326163
1714550400000,0.00010000,120.54400000
1714579200000,0.00009105,123.33236117
1714608000000,0.00000378,134.56900000
1714636800000,0.00007951,131.32011754
1714665600002,0.00003479,139.01000000
1714694400000,0.00005799,137.53700000
1714723200000,-0.00005326,137.18840579
1714752000000,0.00003126,142.00000000
1714780800000,-0.00008768,143.62427845
1714809600000,0.00001077,143.89900000
1714838400000,0.00001309,146.11746473
1714867200000,0.00005621,146.00700000
1714896000000,0.00008266,145.58000000
1714924800000,0.00007548,147.40200000
1714953600000,0.00005854,145.67300000
1714982400000,0.00005220,148.67240700
1715011200000,0.00010000,153.79700869
1715040000000,0.00007714,152.78000000
1715068800000,-0.00001698,155.08429183
1715097600000,0.00002502,154.61915736
1715126400000,0.00010000,148.02850935
1715155200000,0.00010000,146.40600000
1715184000000,0.00010000,145.81600000
1715212800000,0.00005327,142.11900000
1715241600000,0.00008335,143.23415262
1715270400000,0.00007648,146.40000000
1715299200000,0.00002012,152.45700000
1715328000000,0.00005156,154.26800000
1715356800000,0.00010000,146.87098126
1715385600000,0.00004734,145.96400000
1715414400000,0.00009445,145.70920173
1715443200000,0.00005096,145.56600000
1715472000000,0.00004613,145.36399507
1715500800000,0.00002900,144.14138521
1715529600000,0.00006071,145.15488334
1715558400001,-0.00000724,143.36400000
1715587200001,0.00010000,143.50900000
1715616000000,0.00009778,147.20700000
1715644800000,0.00010000,147.51486847
1715673600000,0.00008969,146.49100000
1715702400000,0.00004564,142.82400000
1715731200000,0.00001738,141.96300000
1715760000000,0.00001895,144.21587153
1715788800000,0.00008360,151.81933412
1715817600004,0.00010000,158.44813827
1715846400000,0.00010000,162.71189365
1715875200000,0.00010000,160.41100000
1715904000000,0.00007450,159.30300000
1715932800000,0.00003361,169.10496702
1715961600000,0.00004112,169.58500000
1715990400000,0.00004208,169.35100000
1716019200000,0.00002883,172.21600000
1716048000000,0.00006893,172.34330544
1716076800000,0.00003799,172.29900000
1716105600000,0.00001875,174.09100000
1716134400000,0.00008795,168.20240894
1716163200000,0.00010000,169.85300000
1716192000000,0.00010000,177.94900601
1716220800003,0.00006762,178.91923886
1716249600000,0.00010000,186.69512073
1716278400001,0.00010000,181.31062744
1716307200000,0.00010000,176.85441502
1716336000000,0.00010000,178.15000000
1716364800000,0.00010000,179.88731597
1716393600000,0.00010000,181.39304713
1716422400000,0.00010000,177.00100000
1716451200000,0.00010000,177.49000000
1716480000000,0.00010000,172.70000000
1716508800000,0.00010000,176.18200000
1716537600000,0.00010000,166.24000000
1716566400000,0.00010000,167.27480894
1716595200000,0.00010000,167.66760810
1716624000000,0.00010000,169.00329730
1716652800000,0.00010000,167.78524111
1716681600000,0.00010000,168.35780113
1716710400000,0.00010000,165.37200000
1716739200000,0.00010000,162.92251383
1716768000000,0.00010000,163.50975682
1716796800000,0.00010000,165.61300000
1716825600000,0.00010000,171.11300000
1716854400000,0.00010000,170.24900000
1716883200000,0.00010000,166.20242341
1716912000000,0.00014129,168.32490203
1716940800001,0.00018529,168.79745455
1716969600000,0.00013729,170.91800000
1716998400000,0.00010000,168.65200000
1717027200000,0.00010000,168.42500000
1717056000000,0.00010000,165.09300000
1717084800000,0.00010000,168.53197518
1717113600000,0.00010000,166.98188639
1717142400000,0.00010000,166.73994677
1717171200000,0.00010000,164.91900000
1717200000000,0.00016081,165.74340237
1717228800000,0.00011764,166.94483777
1717257600001,0.00010981,167.37061007
1717286400000,0.00016684,166.27969042
1717315200000,0.00010000,165.10100000
1717344000000,0.00010000,165.26383465
1717372800000,0.00012157,163.24919022
1717401600000,0.00010832,165.43300000
1717430400000,0.00011323,164.91884663
1717459200000,0.00015497,164.99500000
1717488000000,0.00013282,165.35211176
1717516800000,0.00016338,168.01248845
1717545600000,0.00021045,171.88712880
1717574400000,0.00023899,173.52439268
1717603200000,0.00021842,174.89900000
1717632000000,0.00016193,173.64620330
1717660800008,0.00020255,172.72900000
1717689600000,0.00020758,173.08969027
1717718400000,0.00010000,170.27099164
1717747200000,0.00016418,172.12100000
1717776000000,0.00016980,170.21900000
1717804800000,0.00010000,162.51811457
1717833600000,0.00010000,163.59657954
1717862400000,0.00010000,160.13244394
1717891200000,0.00010000,157.83251870
1717920000000,0.00010000,159.01010319
1717948800001,0.00010000,161.60718748
1717977600000,0.00010000,162.12160957
1718006400000,0.00010000,157.65926512
1718035200001,0.00010000,162.35900000
1718064000001,0.00010000,159.08602475
1718092800000,0.00010000,153.39150116
1718121600000,0.00010000,147.61607412
1718150400000,0.00010000,149.24517645
1718179200000,0.00010000,151.76500000
1718208000000,0.00010000,158.81000000
1718236800000,0.00010000,155.18113793
1718265600001,0.00010000,152.07100000
1718294400000,0.00010000,146.83065193
1718323200000,0.00010000,147.21583775
1718352000000,0.00008277,147.52632094
1718380800000,0.00009897,143.74164219
1718409600000,0.00010000,142.98790926
1718438400000,0.00010000,143.76000000
1718467200000,0.00010000,145.09800000
1718496000001,0.00010000,145.45000000
1718524800000,0.00010000,144.43485774
1718553600000,0.00003192,148.43629168
1718582400000,0.00010000,151.24554704
1718611200000,0.00010000,146.56102734
1718640000000,0.00007161,141.17800000
1718668800000,0.00007592,143.19700000
1718697600000,-0.00008849,136.63983046
1718726400000,0.00010000,135.98969153
1718755200001,0.00010000,137.35900000
1718784000001,0.00004103,139.92208663
1718812800000,0.00006996,136.88500000
1718841600000,0.00007341,135.55700000
1718870400000,0.00001175,137.10000000
1718899200000,-0.00002605,133.19600000
1718928000000,0.00000876,133.50587862
1718956800000,0.00004454,131.38100000
1718985600000,0.00004111,131.33347481
1719014400000,0.00007060,134.54400000
1719043200000,-0.00002362,134.80744822
1719072000000,0.00010000,134.20105191
1719100800000,0.00007846,133.62700000
1719129600000,0.00003933,134.68043277
1719158400000,0.00004131,131.53500000
1719187200002,0.00010000,128.66000000
1719216000000,0.00003318,125.12100000
1719244800000,0.00002872,126.27530225
1719273600000,0.00001182,132.23700000
1719302400000,-0.00003228,134.77300000
1719331200000,0.00008255,139.37200000
1719360000002,0.00010000,136.53800000
1719388800000,0.00010000,137.91908321
1719417600000,0.00010000,136.84037530
1719446400000,0.00010000,136.80700000
1719475200001,0.00010000,135.90252208
1719504000000,0.00010000,147.69700000
1719532800000,0.00010000,149.67091819
1719561600000,0.00008707,145.30900000
1719590400000,0.00009286,143.20280883
1719619200001,0.00010000,139.98984023
1719648000000,0.00010000,141.93200000
1719676800000,0.00010000,142.63817401
1719705600000,0.00010000,140.22000000
1719734400000,0.00010000,140.58000000
1719763200000,0.00010000,143.73500000
1719792000000,0.00008734,146.58200000
1719820800000,0.00005816,148.24900000
1719849600001,0.00010000,148.46800000
1719878400000,0.00010000,146.63447863
1719907200000,0.00007576,147.39414119
1719936000000,0.00002759,148.34200000
1719964800000,0.00010000,153.96800000
1719993600001,0.00010000,146.40951041
1720022400000,0.00010000,141.64449821
1720051200000,0.00010000,140.74500000
1720080000000,0.00008877,134.36000000
1720108800000,0.00004970,135.29600000
1720137600000,-0.00000947,127.79400000
1720166400000,0.00005210,126.67900000
1720195200000,-0.00011390,134.82211595
1720224000000,0.00007350,134.23000000
1720252800000,0.00004265,136.85111886
1720281600000,-0.00012992,141.76978216
1720310400001,0.00000352,142.99600000
1720339200000,0.00010000,139.07400000
1720368000000,0.00010000,137.03100000
1720396800000,0.00010000,131.59900000
1720425600000,-0.00005629,132.52500000
1720454400000,0.00010000,137.38919096
1720483200000,0.00010000,139.77501355
1720512000001,0.00005602,142.06300000
1720540800000,0.00004220,140.48573585
1720569600000,0.00008780,141.39100000
1720598400000,0.00008961,144.10700000
1720627200000,0.00007406,141.09562629
1720656000002,0.00010000,141.93042702
1720684800002,0.00002205,142.01400000
1720713600004,-0.00001433,138.39122213
1720742400000,0.00010000,135.70200000
1720771200000,0.00004566,135.35655146
1720800000000,-0.00001079,138.75858453
1720828800000,0.00001668,139.37900000
1720857600000,0.00008326,139.32506123
1720886400000,0.00004063,140.31100000
1720915200000,0.00008116,141.82657535
1720944000000,0.00004070,144.68500000
1720972800000,0.00002006,145.81600000
1721001600000,-0.00001038,147.59600000
1721030400000,0.00002402,153.16800000
1721059200000,0.00003810,152.86527730
1721088000000,-0.00003759,159.30000000
1721116800000,0.00010000,154.46676815
1721145600000,0.00007774,160.90500000
1721174400000,0.00010000,160.58328979
1721203200001,0.00005083,160.50800000
1721232000000,0.00010000,158.04717751
1721260800000,0.00006464,155.46240657
1721289600000,0.00008411,158.60800000
1721318400000,0.00010000,156.29988230
1721347200000,0.00007366,159.15035041
1721376000000,0.00010000,161.37600000
1721404800000,0.00005128,168.76000000
1721433600001,0.00010000,169.07501731
1721462400000,0.00002379,168.48538309
1721491200000,0.00000305,169.18899855
1721520000000,0.00010000,173.53200000
1721548800000,0.00010000,171.26000000
1721577600000,0.00005463,175.36600000
1721606400000,0.00010000,184.47200000
1721635200000,0.00010000,178.29108269
1721664000000,0.00007105,179.79100000
1721692800000,0.00010000,178.82300000
1721721600000,0.00010000,175.95800000
1721750400000,0.00010000,176.45578960
1721779200000,0.00004584,172.93333468
1721808000000,0.00010000,174.16267443
1721836800000,0.00007120,177.73478119
1721865600000,0.00008091,177.98300000
1721894400000,0.00009813,169.35014446
1721923200000,0.00007841,170.37600000
1721952000000,0.00007483,171.76000000
1721980800000,0.00003235,176.69600000
1722009600000,0.00006143,181.45303333
1722038400000,0.00004760,182.99100000
1722067200000,0.00003411,185.78404636
1722096000000,0.00008705,182.43173275
1722124800000,0.00010000,183.89600000
1722153600000,0.00010000,183.78099704
1722182400001,0.00008932,184.08300000
1722211200001,0.00003694,184.81360502
1722240000000,0.00010000,192.30200000
1722268800001,0.00010000,186.84376039
1722297600000,0.00007783,182.50900000
1722326400001,0.00010000,182.29900000
1722355200000,0.00010000,180.96120667
1722384000000,0.00003184,179.07200000
1722412800000,0.00007743,183.04619766
1722441600000,0.00008931,180.01800000
1722470400000,0.00009291,171.65888412
1722499200000,0.00010000,168.17899046
1722528000000,0.00010000,162.57237971
1722556800000,0.00003639,167.29443817
1722585600001,0.00010000,161.36050876
1722614400000,0.00010000,156.67294435
1722643200000,0.00009802,152.71688301
1722672000000,0.00010000,151.58391932
1722700800001,0.00008073,146.14615092
1722729600000,-0.00001748,142.46400000
1722758400000,0.00008871,140.82900000
1722787200000,0.00004224,135.14187778
1722816000000,0.00006211,138.27594987
1722844800000,-0.00000757,122.87795028
1722873600000,0.00000463,130.41700000
1722902400000,0.00008019,129.74228548
1722931200000,-0.00005258,141.93769668
1722960000000,-0.00000323,145.81600000
1722988800000,0.00002337,144.37291359
1723017600001,-0.00008086,152.38400000
1723046400000,0.00001745,148.38586089
1723075200001,0.00007141,144.73800000
1723104000000,0.00002523,153.61500000
1723132800000,-0.00002941,160.42300000
1723161600000,0.00003148,163.09681049
1723190400000,0.00001575,157.86100000
1723219200000,0.00002642,151.12976098
1723248000000,-0.00006621,156.18200000
1723276800000,0.00004285,155.35808455
1723305600000,0.00005146,153.91199371
1723334400000,-0.00003889,153.93200000
1723363200000,-0.00001620,156.60865449
1723392000001,0.00002894,148.68700000
1723420800000,0.00009903,141.49700000
1723449600000,0.00000688,145.83400000
1723478400000,-0.00000932,147.49572155
1723507200000,-0.00000620,146.24100000
1723536000000,0.00005492,145.94800000
1723564800000,0.00008364,146.02814345
1723593600000,-0.00000010,146.58689376
1723622400000,0.00002644,145.65400000
1723651200000,0.00000821,146.59100000
1723680000000,0.00000588,143.64400000
1723708800000,0.00004403,142.43300000
1723737600000,-0.00002764,145.89100000
1723766400000,-0.00006592,142.53900000
1723795200000,0.00002572,144.46500000
1723824000000,-0.00003407,137.87384297
1723852800000,0.00002001,138.98600000
1723881600000,-0.00001280,139.38311827
1723910400000,-0.00000703,140.12900000
1723939200000,0.00000455,141.84472080
1723968000000,-0.00002019,141.47503113
1723996800000,-0.00010289,145.72800000
1724025600000,0.00001862,142.36500000
1724054400000,-0.00000928,142.21383884
1724083200002,0.00005854,143.80731665
1724112000000,0.00003839,144.21811958
1724140800000,-0.00002960,147.39700000
1724169600001,-0.00003807,142.08166528
1724198400001,0.00002703,142.21000000
1724227200000,0.00000862,143.13000000
1724256000001,-0.00001553,140.28100000
1724284800000,0.00000611,142.72967381
1724313600000,0.00006844,143.25870105
1724342400008,0.00002936,142.57579256
1724371200000,0.00004556,143.15900000
1724400000000,0.00004050,145.09900000
1724428800000,-0.00004648,144.34000000
1724457600000,0.00007101,153.22800000
1724486400005,0.00002046,154.54000000
1724515200000,0.00006232,159.37200000
1724544000000,0.00009763,160.57013837
1724572800000,0.00010000,156.09485391
1724601600000,-0.00001338,159.30000000
1724630400000,0.00001048,158.88000000
1724659200001,0.00010000,159.05137350
1724688000000,0.00002054,157.53200000
1724716800001,0.00010000,157.05291377
1724745600000,0.00004402,157.68200000
1724774400000,0.00005909,153.70434232
1724803200000,-0.00001779,146.72700000
1724832000000,0.00001753,143.91200000
1724860800001,0.00002718,144.06792168
1724889600000,-0.00001723,143.87500000
1724918400001,-0.00008639,144.58952991
1724947200000,-0.00009711,146.02427813
1724976000000,-0.00003891,139.94800000
1725004800000,0.00003115,138.93412925
1725033600000,-0.00005690,133.25700000
1725062400000,-0.00006239,137.91600000
1725091200000,0.00004900,137.54700000
1725120000000,0.00001853,136.57000000
1725148800000,-0.00000959,135.27756038
1725177600001,-0.00002631,132.74300000
1725206400000,-0.00002877,134.19245547
1725235200001,-0.00004426,128.46565098
1725264000001,0.00000521,127.59900000
1725292800000,-0.00005556,132.45481665
1725321600000,-0.00008288,134.86500000
1725350400001,0.00003441,134.53001590
1725379200000,0.00005362,129.76788490
1725408000000,0.00008904,127.51163404
1725436800000,-0.00001300,130.22796696
1725465600000,0.00003561,133.73641100
1725494400000,0.00006659,133.57767135
1725523200000,0.00005123,133.04300000
1725552000005,0.00001522,130.53271079
1725580800000,0.00005678,129.35453230
1725609600001,0.00004047,128.06100000
1725638400000,-0.00001324,128.02876178
1725667200000,-0.00002225,124.95978799
1725696000000,-0.00002317,127.57761694
1725724800000,0.00000599,128.76917200
1725753600000,0.00008148,127.65600000
1725782400000,0.00006264,129.54900000
1725811200000,0.00006412,126.71100000
1725840000000,0.00003966,130.07300000
1725868800000,-0.00005564,129.24458443
1725897600001,-0.00004794,128.33300000
1725926400000,0.00009587,135.02226581
1725955200000,-0.00001672,134.88900000
1725984000000,0.00002349,134.06019467
1726012800000,-0.00006617,135.56300000
1726041600000,-0.00001813,132.34209368
1726070400000,-0.00002041,131.16079122
1726099200000,-0.00002810,132.35900000
1726128000000,-0.00000860,134.83100000
1726156800000,0.00001320,133.49900000
1726185600000,0.00002638,135.99800000
1726214400001,0.00001756,134.52600000
1726243200001,0.00001798,136.55700000
1726272000000,-0.00000120,138.94989985
1726300800000,0.00003207,137.43995527
1726329600001,0.00000555,137.31595398
1726358400000,0.00001401,137.06800000
1726387200000,0.00000107,137.10000000
1726416000000,0.00001278,135.68738930
1726444800000,0.00001892,131.31900000
1726473600001,-0.00005218,131.18105959
1726502400000,0.00007164,131.41445866
1726531200001,0.00010000,131.41200000
1726560000000,0.00002206,132.19100000
1726588800000,0.00002153,134.60500000
1726617600000,-0.00000161,131.46700000
1726646400000,-0.00003792,131.26387229
1726675200004,0.00002354,127.62561823
1726704000000,0.00006423,134.28317847
1726732800000,0.00008771,138.50900000
1726761600001,0.00001474,142.88252928
1726790400000,0.00010000,142.82865086
1726819200001,0.00010000,150.99200000
1726848000000,0.00010000,147.79000000
1726876800001,0.00010000,146.63966987
1726905600000,0.00010000,147.37630857
1726934400000,0.00004074,147.56794474
1726963200000,0.00010000,149.37200000
1726992000000,0.00007587,147.14800000
1727020800000,0.00001979,143.10112223
1727049600000,-0.00004401,144.58800000
1727078400000,0.00005545,145.42892087
1727107200000,-0.00002612,144.16758145
1727136000000,0.00004827,144.70100000
1727164800000,0.00006920,147.14130941
1727193600001,0.00000557,145.45924805
1727222400000,0.00010000,152.71200000
1727251200003,0.00010000,149.73100000
1727280000000,0.00005783,150.34732454
1727308800005,0.00003616,147.89448661
1727337600000,0.00006697,151.76400000
1727366400000,0.00010000,157.08400000
1727395200000,0.00010000,155.48000000
1727424000000,0.00000981,157.40000000
1727452800000,0.00010000,158.99930152
1727481600000,0.00010000,157.59100000
1727510400001,0.00009800,156.33500000
1727539200000,0.00010000,156.80800000
1727568000001,0.00009314,156.68200000
1727596800000,0.00010000,155.43100000
1727625600000,0.00010000,157.21275763
1727654400000,0.00010000,158.39813308
1727683200001,0.00010000,156.81200000
1727712000000,0.00010000,154.11812930
1727740800000,0.00010000,152.47015802
1727769600000,0.00010000,156.75700000
1727798400001,0.00010000,149.53174587
1727827200000,0.00010000,145.16293337
1727856000000,0.00001306,147.69022985
1727884800000,0.00007012,147.44414768
1727913600000,0.00000107,140.11000000
1727942400000,0.00005138,139.85789803
1727971200000,-0.00000381,135.50486859
1728000000000,0.00003715,136.73770600
1728028800000,-0.00004939,139.47658405
1728057600001,0.00000524,142.35959554
1728086400000,0.00005818,143.15800000
1728115200000,0.00009502,143.76400000
1728144000000,0.00000449,142.83167707
1728172800000,0.00010000,142.52800000
1728201600001,0.00010000,142.92692160
1728230400000,0.00003507,145.90400000
1728259200000,0.00003973,146.42212244
1728288000000,0.00007543,147.98200000
1728316800001,0.00000543,148.64924795
1728345600000,0.00000039,143.91764584
1728374400000,0.00010000,143.02000000
1728403200000,-0.00002549,142.72800000
1728432000000,0.00000884,143.42973236
1728460800000,-0.00003713,143.10715210
1728489600000,0.00010000,142.72877635
1728518400000,0.00010000,139.26600000
1728547200000,-0.00003657,139.62000000
1728576000000,0.00005098,138.59900000
1728604800000,0.00000545,138.97948197
1728633600000,0.00000289,141.12136254
1728662400001,-0.00006334,144.33173498
1728691200000,-0.00003249,145.46900000
1728720000001,0.00006950,145.48746750
1728748800000,-0.00004766,146.03041963
1728777600000,0.00000522,146.31800000
1728806400000,0.00005938,146.38290563
1728835200000,0.00005394,145.27086988
1728864000000,0.00001631,147.63255737
1728892800000,0.00007203,152.94336157
1728921600000,0.00007332,156.66202954
1728950400000,0.00010000,157.53000000
1728979200000,0.00010000,155.07000000
1729008000000,0.00010000,153.23146048
1729036800000,0.00006943,154.69698504
1729065600001,0.00002087,153.58538070
1729094400000,0.00009905,155.64000000
1729123200000,0.00004579,154.19000000
1729152000000,0.00009905,152.53321719
1729180800001,0.00010000,152.82000000
1729209600010,0.00007589,150.45000000
1729238400001,0.00003467,153.84386774
1729267200000,0.00009885,154.65000000
1729296000000,0.00003918,154.86000000
1729324800000,0.00005265,154.49000000
1729353600000,0.00007269,156.44242324
1729382400000,0.00010000,159.70637472
1729411200000,0.00004903,158.71452553
1729440000000,0.00007010,159.94000000
1729468800000,0.00010000,167.39948646
1729497600000,0.00010000,168.69803437
1729526400000,0.00010000,165.35329266
1729555200000,0.00010000,166.17735196
1729584000000,0.00010000,167.09739629
1729612800000,0.00010000,167.76859178
1729641600000,0.00010000,167.56308353
1729670400000,0.00010000,165.69000000
1729699200000,0.00010000,168.07155630
1729728000000,0.00010000,170.81000000
1729756800000,0.00010000,173.52102122
1729785600000,0.00010000,175.36273498
1729814400000,0.00010000,177.10138160
1729843200000,0.00010000,171.86000000
1729872000000,0.00003160,172.37896655
1729900800000,0.00005848,164.88812095
1729929600001,0.00005269,167.25401673
1729958400000,0.00010000,168.55000000
1729987200000,0.00010000,170.82024015
1730016000000,0.00004801,173.17978124
1730044800000,-0.00001684,175.71000000
1730073600000,0.00008656,176.75000000
1730102400001,0.00010000,175.61316931
1730131200000,0.00002332,173.36135549
1730160000000,0.00010000,178.20000000
1730188800000,0.00010000,180.10329966
1730217600004,0.00010000,180.55000000
1730246400000,0.00010000,179.40000000
1730275200000,0.00010000,178.71000000
1730304000013,0.00010000,173.93066873
1730332800000,0.00010000,174.84632729
1730361600000,0.00010000,174.49000000
1730390400000,0.00010000,170.60000000
1730419200000,0.00010000,168.66045610
1730448000000,0.00010000,165.96920129
1730476800000,0.00010000,163.99000000
1730505600000,0.00006813,166.02000000
1730534400000,0.00009387,167.54000000
1730563200000,0.00006900,163.74894889
1730592000000,0.00003980,166.09000000
1730620800000,0.00003241,163.46000000
1730649600000,0.00008014,159.91719810
1730678400000,0.00004818,162.45165079
1730707200000,0.00006725,161.32612342
1730736000000,0.00006216,162.97000000
1730764800000,0.00005868,157.90182410
1730793600003,0.00004510,161.92000000
1730822400001,0.00000717,165.82000000
1730851200000,-0.00001892,166.54000000
1730880000000,0.00010000,183.96747234
1730908800000,0.00010000,185.56000000
1730937600000,0.00010000,186.62000000
1730966400000,0.00010000,188.08000000
1730995200000,0.00010000,192.75000000
1731024000000,0.00010000,196.42361641
1731052800000,0.00010000,200.50000000
1731081600000,0.00010000,201.03598205
1731110400000,0.00010000,199.88480296
1731139200000,0.00010000,200.30924843
1731168000000,0.00010000,198.42252055
1731196800000,0.00010000,199.93000000
1731225600000,0.00019071,205.08000000
1731254400000,0.00041975,212.51000000
1731283200001,0.00034668,210.28745447
1731312000000,0.00011081,208.08000000
1731340800000,0.00022373,219.16558065
1731369600002,0.00035969,222.30912641
1731398400000,0.00043733,221.99238924
1731427200000,0.00048819,210.57577374
1731456000000,0.00032823,211.73919884
1731484800010,0.00020936,205.36024726
1731513600000,0.00022016,216.70000000
1731542400001,0.00020764,215.28000000
1731571200000,0.00022462,218.27711396
1731600000000,0.00010000,211.00958458
1731628800000,0.00010000,209.64995188
1731657600000,0.00010000,209.28493283
1731686400000,0.00010000,208.32000000
1731715200001,0.00010000,218.65382623
1731744000001,0.00023693,219.08000000
1731772800000,0.00016028,215.09633736
1731801600000,0.00010000,215.81658937
1731830400000,0.00044518,237.49000000
1731859200001,0.00021627,234.15000000
1731888000000,0.00023762,237.60711286
1731916800000,0.00016530,242.21275008
1731945600000,0.00022130,243.51855761
1731974400000,0.00022018,239.96000000
1732003200000,0.00019184,243.48946031
1732032000000,0.00012644,240.64000000
1732060800003,0.00010000,237.68000000
1732089600000,0.00010000,235.96346530
1732118400000,0.00010000,238.36798470
1732147200001,0.00010000,235.42560884
1732176000000,0.00010000,241.46122606
1732204800001,0.00010000,248.93576225
1732233600000,0.00043945,256.67000000
1732262400000,0.00022593,259.37145809
1732291200001,0.00017020,256.56000000
1732320000000,0.00010000,257.03697866
1732348800000,0.00028946,258.45000000
1732377600000,0.00025577,259.94000000
1732406400001,0.00018175,255.03859273
1732435200000,0.00033189,256.84000000
1732464000000,0.00025244,244.39219352
1732492800000,0.00014445,252.92737130
1732521600000,0.00019888,253.45837047
1732550400000,0.00010485,245.07000000
1732579200000,0.00010000,234.29000000
1732608000000,0.00010000,235.82000000
1732636800000,0.00010000,227.38613496
1732665600000,0.00010000,230.71562608
1732694400000,0.00010000,234.33000000
1732723200001,0.00010000,240.57035995
1732752000000,0.00010000,242.03955937
1732780800000,0.00010000,238.01727444
1732809600000,0.00010000,233.03019139
1732838400000,0.00010000,237.60430550
1732867200000,0.00010000,237.66607857
1732896000000,0.00010000,243.57000000
1732924800000,0.00010000,243.42000000
1732953600000,0.00010000,244.35803166
1732982400000,0.00010000,240.00000000
1733011200000,0.00011575,237.73000000
1733040000000,0.00010000,235.61560020
1733068800000,0.00021606,238.69626260
1733097600001,0.00037518,237.03897019
1733126400001,0.00025587,228.79000000
1733155200000,0.00026772,229.36000000
1733184000000,0.00032728,225.87000000
1733212800000,0.00031454,227.12000000
1733241600000,0.00030312,223.39278797
1733270400000,0.00035501,234.09000000
1733299200000,0.00023264,236.79861245
1733328000000,0.00036215,233.95235681
1733356800001,0.00027166,229.36000000
1733385600000,0.00055995,234.06583005
1733414400000,0.00050910,239.24000000
1733443200000,0.00032251,236.05000000
1733472000000,0.00032302,239.47367249
1733500800000,0.00012425,238.12641675
1733529600000,0.00041557,237.05521923
1733558400000,0.00034529,236.36000000
1733587200000,0.00038467,241.01000000
1733616000000,0.00045069,238.30000000
1733644800000,0.00019374,237.74000000
1733673600000,0.00013754,237.53000000
1733702400000,0.00025945,237.23141997
1733731200000,0.00015891,231.68000000
1733760000001,0.00012595,224.41315135
1733788800007,0.00010000,216.77139538
1733817600000,0.00010000,217.32000000
1733846400000,0.00010000,206.48000000
1733875200000,0.00010000,213.58995756
1733904000000,0.00010000,218.40000000
1733932800001,0.00010000,228.36000000
1733961600001,0.00010000,227.28748375
1733990400000,0.00010000,229.99000000
1734019200001,0.00010000,231.20578019
1734048000000,0.00010000,226.90230934
1734076800000,0.00010000,224.71000000
1734105600001,0.00010000,221.05000000
1734134400000,0.00010000,224.72440941
1734163200000,0.00010000,225.88781879
1734192000000,0.00010000,222.49078669
1734220800000,0.00010000,219.84077673
1734249600000,0.00006761,217.16927059
1734278400000,0.00010000,220.82764674
1734307200000,0.00010000,224.22000000
1734336000001,0.00010000,223.08000000
1734364800000,0.00010000,216.94416601
1734393600000,0.00010000,216.09981566
1734422400000,0.00004064,215.49630490
1734451200000,0.00010000,220.47607511
1734480000000,0.00010000,223.12258447
1734508800000,0.00009102,215.81709029
1734537600000,0.00000623,217.64540916
1734566400000,-0.00003600,206.49414504
1734595200000,-0.00001903,211.67000000
1734624000000,0.00001572,205.43284338
1734652800000,-0.00001795,193.71171105
1734681600001,-0.00002757,191.23548746
1734710400014,-0.00006045,189.73000000
1734739200000,-0.00018625,194.33740729
1734768000000,-0.00013946,198.69000000
1734796800001,-0.00004200,186.55117686
1734825600000,-0.00011655,181.33000000
1734854400000,0.00002970,184.20000000
1734883200000,-0.00010865,181.77000000
1734912000000,-0.00005764,180.42000000
1734940800000,-0.00002514,182.15000000
1734969600001,-0.00001518,180.83000000
1734998400000,0.00000456,190.06000000
1735027200000,-0.00000887,191.42000000
1735056000001,-0.00002528,197.66045157
1735084800001,-0.00001032,197.04372026
1735113600000,-0.00002015,198.05000000
1735142400000,0.00003692,198.18000000
1735171200000,0.00002735,197.35880214
1735200000000,0.00010000,193.38000000
1735228800000,0.00001522,188.59783157
1735257600000,0.00003726,188.37454973
1735286400000,-0.00002625,186.57648132
1735315200000,-0.00008145,184.01854509
1735344000001,0.00009283,184.18000000
1735372800000,0.00001275,185.04321141
1735401600000,-0.00000903,190.11000000
1735430400000,0.00000778,195.39000000
1735459200000,-0.00002727,195.93322461
1735488000000,0.00006140,195.05629387
1735516800000,0.00010000,189.85091862
1735545600001,0.00004760,192.30766984
1735574400000,0.00005906,187.24000000
1735603200000,0.00008373,191.26447609
1735632000000,0.00002697,189.94000000
1735660800000,0.00006744,198.32385034
1735689600015,-0.00005587,189.19974226
1735718400000,-0.00002663,189.96000000
1735747200001,-0.00001487,191.81481222
1735776000000,0.00010000,194.22000000
1735804800006,0.00010000,205.83473243
1735833600000,0.00009337,206.68000000
1735862400000,0.00010000,208.17135122
1735891200000,-0.00001470,207.86000000
1735920000000,-0.00007967,217.27000000
1735948800000,-0.00007358,217.92000000
1735977600000,0.00004915,216.62801422
1736006400000,0.00005813,214.26508239
1736035200000,0.00009572,216.56055099
1736064000000,-0.00003098,216.35000000
1736092800000,0.00010000,213.47752759
1736121600000,-0.00000103,213.30000000
1736150400001,-0.00001539,215.13000000
1736179200000,0.00005815,221.51000000
1736208000000,-0.00002492,218.10381116
1736236800000,0.00001880,215.97000000
1736265600008,0.00001765,207.68687845
1736294400001,0.00000947,202.07573710
1736323200000,0.00009384,195.59194327
1736352000000,-0.00002658,197.69578628
1736380800000,-0.00004356,197.40056516
1736409600000,0.00010000,190.07000000
1736438400000,-0.00001659,192.08000000
1736467200000,0.00000873,184.89423939
1736496000000,-0.00007385,191.64239383
1736524800000,0.00003388,187.20588983
1736553600000,0.00000989,187.59000000
1736582400000,-0.00003578,186.14000000
1736611200000,-0.00004343,186.84000000
1736640000000,0.00002102,188.00000000
1736668800000,-0.00004366,186.47000000
1736697600000,0.00003548,190.38364628
1736726400000,0.00010000,188.43000000
1736755200000,0.00002660,182.39000000
1736784000000,0.00000817,178.69000000
1736812800000,-0.00004601,182.77000000
1736841600000,-0.00002434,185.52000000
1736870400000,0.00002374,186.75000000
1736899200000,0.00003357,187.46000000
1736928000000,-0.00005153,189.87536362
1736956800000,-0.00002957,196.39000000
1736985600000,0.00010000,205.76000000
1737014400000,0.00010000,203.06407101
1737043200000,0.00010000,208.99816554
1737072000004,0.00010000,210.99000000
1737100800000,0.00008220,213.20000000
1737129600008,0.00010000,218.53000000
1737158400000,0.00010000,219.46000000
1737187200007,0.00001883,232.83981406
1737216000000,0.00005671,257.60576295
1737244800000,0.00010000,261.92498236
1737273600000,0.00009252,271.39665661
1737302400000,0.00005667,270.47000000
1737331200000,-0.00071150,252.51000000
1737360000009,-0.00007723,261.77000000
1737388800000,0.00008924,253.87316340
1737417600000,-0.00027508,241.81000000
1737446400000,0.00009310,236.75000000
1737475200000,-0.00003008,240.83802505
1737504000000,0.00010000,250.26000000
1737532800000,-0.00002092,258.40000000
1737561600000,0.00008640,257.19769937
1737590400001,0.00010000,257.33678347
1737619200000,0.00008081,249.41000000
1737648000000,-0.00007980,249.15000000
1737676800000,0.00006903,253.01000000
1737705600000,0.00009064,259.60266158
1737734400000,0.00010000,262.14642847
1737763200000,-0.00001473,253.22104393
1737792000000,-0.00000482,247.15000000
1737820800001,-0.00012014,253.48644101
1737849600000,0.00010000,256.36000000
1737878400000,0.00008407,258.85000000
1737907200000,0.00002626,254.45000000
1737936000000,-0.00003653,240.41000000
1737964800000,0.00005173,227.39000000
1737993600000,-0.00018696,233.46154361
1738022400000,0.00007942,234.77176852
1738051200000,-0.00004139,238.78919205
1738080000000,0.00003672,237.36062279
1738108800000,0.00008718,226.92156675
1738137600000,0.00005356,234.32000000
1738166400000,-0.00001196,228.30000000
1738195200000,0.00001678,228.04000000
1738224000000,0.00010000,238.81000000
1738252800000,0.00002727,240.98000000
1738281600000,-0.00000761,238.17127422
1738310400000,-0.00004970,235.58000000
1738339200000,0.00005524,240.05162558
1738368000000,-0.00006866,231.61106120
1738396800000,0.00003033,230.55402407
1738425600000,-0.00005063,226.24816815
1738454400001,-0.00005306,212.89000000
1738483200000,0.00000721,211.69038145
1738512000000,0.00000268,211.91000000
1738540800000,0.00000772,203.36764822
1738569600000,-0.00012368,198.95000000
1738598400000,-0.00008808,206.92357253
1738627200000,-0.00055791,216.21112041
1738656000001,-0.00004350,204.15798539
1738684800000,0.00005700,215.58000000
1738713600001,-0.00003571,206.48000000
1738742400001,-0.00004834,204.98205670
1738771200000,-0.00010850,201.73000000
1738800000001,-0.00004538,196.03000000
1738828800001,-0.00001671,201.92000000
1738857600000,0.00006857,191.15523484
1738886400000,0.00002703,189.46996868
1738915200000,0.00000695,192.42000000
1738944000000,0.00000727,197.96000000
1738972800000,-0.00002483,191.90918108
1739001600000,0.00002105,192.68000000
1739030400000,0.00005719,193.32677547
1739059200000,-0.00011027,199.20000000
1739088000000,-0.00004053,203.87000000
1739116800000,-0.00021227,200.51578273
1739145600000,-0.00016119,200.32935261
1739174400000,-0.00002743,202.72000000
1739203200000,-0.00004863,202.96000000
1739232000000,-0.00018095,200.34133623
1739260800000,-0.00011994,204.31214257
1739289600000,-0.00027714,199.31271069
1739318400000,-0.00022332,197.88156182
1739347200000,0.00001847,195.16918800
1739376000001,0.00007002,191.90963629
1739404800001,0.00003627,196.71000000
1739433600000,-0.00003212,192.98000000
1739462400001,-0.00012867,191.85380679
1739491200000,-0.00001559,194.14399628
1739520000001,0.00008320,196.50000000
1739548800000,0.00008466,200.77000000
1739577600000,0.00008582,199.36178104
1739606400000,0.00003121,195.79615983
1739635200000,-0.00005050,194.53161831
1739664000000,-0.00005811,194.36630934
1739692800000,-0.00002569,192.79000000
1739721600000,-0.00016876,190.20000000
1739750400000,-0.00015544,188.14220351
1739779200000,-0.00016029,181.26216702
1739808000000,0.00002136,180.26427814
1739836800000,0.00003500,177.47000000
1739865600000,0.00003939,165.58000000
1739894400000,0.00007053,165.87640835
1739923200000,-0.00001072,169.21263823
1739952000000,0.00000353,168.86937447
1739980800000,-0.00003859,169.66528311
1740009600000,-0.00006024,168.85000000
1740038400000,0.00001172,171.65788861
1740067200000,-0.00002991,171.50000000
1740096000001,0.00007497,175.97000000
1740124800000,0.00001692,175.75027027
1740153600000,-0.00004765,173.08000000
1740182400000,-0.00011947,168.84000000
1740211200000,-0.00006714,171.65000000
1740240000000,-0.00006107,174.12119354
1740268800000,0.00009111,171.99000000
1740297600000,0.00007310,172.80308956
1740326400000,-0.00005162,166.68701706
1740355200000,-0.00006070,167.84000000
1740384000000,-0.00006256,160.90150419
1740412800000,0.00006005,152.61000000
1740441600000,0.00002735,141.75021548
1740470400000,0.00003295,136.27353948
1740499200000,-0.00005354,138.79367504
1740528000000,-0.00010562,144.25000000
1740556800000,0.00002460,140.12000000
1740585600000,0.00003131,139.21000000
1740614400001,0.00007728,135.27000000
1740643200000,0.00002605,140.93000000
1740672000000,0.00010000,139.60000000
1740700800001,0.00010000,137.60169084
1740729600000,0.00010000,128.47944622
1740758400000,0.00010000,145.63000000
1740787200000,0.00010000,148.06548702
1740816000000,0.00008741,142.46000000
1740844800001,0.00007852,140.31787626
1740873600000,-0.00008161,143.56000000
1740902400000,0.00009930,143.72044887
1740931200000,0.00007810,157.29000000
1740960000001,-0.00003892,178.63590092
1740988800000,0.00006535,162.18000000
1741017600000,-0.00008506,157.70000000
1741046400001,-0.00007114,142.05000000
1741075200005,-0.00008372,135.98000000
1741104000000,0.00003869,138.51478272
1741132800000,-0.00014911,144.70718577
1741161600000,0.00002866,142.80000000
1741190400000,-0.00006413,141.56049877
1741219200000,-0.00011916,146.15682397
1741248000001,-0.00001489,148.57000000
1741276800000,-0.00003599,148.96000000
1741305600000,-0.00011194,143.22000000
1741334400001,-0.00008351,144.23000000
1741363200000,0.00004709,144.80428919
1741392000000,0.00006150,139.30000000
1741420800001,-0.00003422,138.71541976
1741449600001,-0.00006242,137.11000000
1741478400001,-0.00010535,136.93000000
1741507200000,0.00000562,139.55508954
1741536000000,0.00006936,130.13000000
1741564800000,-0.00005692,126.42511195
1741593600000,-0.00010237,128.02045464
1741622400000,-0.00009844,121.88000000
1741651200000,-0.00011653,118.26000000
1741680000000,0.00009198,123.05000000
1741708800001,0.00008681,124.94000000
1741737600000,-0.00000798,125.29000000
1741766400000,0.00000325,123.12761296
1741795200001,-0.00003859,124.46863670
1741824000000,0.00001189,126.55655286
1741852800000,-0.00007287,124.18000000
1741881600000,0.00007399,124.27303681
1741910400000,0.00003347,123.32000000
1741939200000,0.00010000,124.61000000
1741968000000,0.00009595,132.08594090
1741996800000,0.00010000,133.50023954
1742025600000,0.00007299,132.85890609
1742054400000,-0.00002397,135.04000000
1742083200000,0.00000393,135.79004921
1742112000000,0.00005580,134.58000000
1742140800000,-0.00003228,128.69635225
1742169600000,-0.00008027,126.05000000
1742198400000,-0.00005403,129.19000000
1742227200000,-0.00003998,127.47000000
1742256000000,-0.00006365,127.93387199
1742284800000,-0.00008081,125.10114641
1742313600000,-0.00002710,122.49298813
1742342400000,-0.00006788,125.26230239
1742371200000,0.00007274,125.63000000
1742400000000,0.00010000,132.26495301
1742428800000,0.00010000,135.30000000
1742457600000,0.00010000,133.95965670
1742486400000,-0.00001871,128.89721665
1742515200000,-0.00003932,127.53000000
1742544000000,-0.00001407,128.00000000
1742572800000,-0.00003604,125.92000000
1742601600000,-0.00003723,128.40449159
1742630400004,-0.00002882,128.74000000
1742659200000,-0.00000849,129.15415255
1742688000000,-0.00006482,128.44000000
1742716800000,0.00002642,131.08000000
1742745600000,0.00005551,132.44550601
1742774400000,-0.00002538,132.77034094
1742803200000,0.00010000,138.83000000
1742832000000,0.00005301,143.19202196
1742860800001,0.00010000,140.95000000
1742889600000,0.00001127,139.39331957
1742918400000,0.00001713,145.22097202
1742947200000,0.00000616,143.60000000
1742976000000,-0.00004441,144.44000000
1743004800001,-0.00012817,139.25602689
1743033600001,-0.00013711,137.26000000
1743062400001,-0.00005633,138.80967611
1743091200002,-0.00002555,137.70812692
1743120000001,-0.00003227,138.37000000
1743148800001,-0.00010137,131.54072372
1743177600000,-0.00009351,129.85266281
1743206400000,-0.00004899,129.40185333
1743235200000,0.00002251,126.33000000
1743264000000,-0.00008909,126.23000000
1743292800000,-0.00025778,124.50000000
1743321600000,-0.00040116,125.38000000
1743350400000,-0.00018023,124.85000000
1743379200000,-0.00023370,124.74000000
1743408000000,-0.00000784,125.83000000
1743436800000,-0.00000424,126.71000000
1743465600000,-0.00009179,124.49277192
1743494400001,-0.00000566,126.62529522
1743523200000,-0.00005281,129.21000000
1743552000001,-0.00006427,126.61000000
1743580800000,-0.00013428,124.46488475
1743609600000,0.00004319,130.36914386
1743638400000,-0.00007645,117.33000000
1743667200000,-0.00007305,118.58233938
1743696000000,-0.00011099,114.08299728
1743724800000,-0.00033632,117.05000000
1743753600000,-0.00000152,118.12000000
1743782400000,0.00000560,118.54000000
1743811200000,0.00004038,122.73914211
1743840000000,0.00009687,121.02000000
1743868800000,0.00002060,117.49301842
1743897600000,-0.00005619,120.24932368
1743926400000,0.00010000,119.14000000
1743955200002,-0.00005463,114.91000000
1743984000000,-0.00000572,105.85953176
1744012800000,0.00003966,97.09000000
1744041600000,-0.00005584,106.62697982
1744070400000,-0.00011753,106.91278070
1744099200000,-0.00004472,108.63448772
1744128000000,-0.00023327,107.15000000
1744156800000,-0.00008090,105.32000000
1744185600001,-0.00007831,107.32000000
1744214400000,0.00007621,106.49000000
1744243200000,0.00010000,119.01393158
1744272000000,0.00010000,114.75000000
1744300800000,0.00003456,109.53000000
1744329600001,-0.00006109,112.75960702
1744358400000,0.00004298,116.53000000
1744387200000,0.00010000,119.88132456
1744416000000,0.00005911,121.33030702
1744444800001,-0.00001714,124.18000000
1744473600000,0.00002768,130.43000000
1744502400000,-0.00000335,132.17447018
1744531200000,0.00010000,128.50478596
1744560000000,0.00008174,128.66694123
1744588800000,0.00009053,128.30000000
1744617600000,-0.00003957,132.23249825
1744646400000,-0.00009450,128.70917423
1744675200000,-0.00005912,129.34000000
1744704000000,-0.00013087,131.48000000
1744732800001,0.00001824,129.54000000
1744761600000,-0.00009158,126.06000000
1744790400000,-0.00003187,124.73429038
1744819200000,-0.00002327,128.32305439
1744848000001,0.00010000,131.29000000
1744876800000,0.00010000,134.22000000
1744905600001,0.00001614,133.39000000
1744934400000,0.00000184,134.76002105
1744963200000,-0.00001498,134.86000000
1744992000000,-0.00003334,132.81932895
1745020800000,-0.00005659,133.97070145
1745049600000,-0.00005634,138.67000000
1745078400000,-0.00013071,138.87000000
1745107200000,-0.00007971,139.77000000
1745136000000,-0.00016975,139.52275877
1745164800000,-0.00013544,135.88000000
1745193600000,-0.00019655,137.77072105
1745222400005,-0.00015490,140.08000000
1745251200003,-0.00010934,138.26000000
1745280000008,-0.00025936,136.44000000
1745308800000,0.00003362,140.12000000
1745337600000,0.00004549,145.25889649
1745366400000,0.00010000,148.70000000
1745395200002,-0.00003559,151.52380762
1745424000000,0.00006137,151.35349792
1745452800000,0.00010000,151.09161875
1745481600001,0.00010000,147.12696458
1745510400001,0.00005163,149.25000000
1745539200007,0.00010000,152.50556771
1745568000002,0.00010000,154.82059688
1745596800003,0.00001235,152.83526250
1745625600002,0.00001050,150.76000000
1745654400000,-0.00004023,151.28000000
1745683200002,-0.00007805,149.21485312
1745712000001,0.00001325,149.14000000
1745740800000,-0.00007219,147.35000000
1745769600000,0.00005977,148.94000000
1745798400001,-0.00002300,147.90228125
1745827200003,0.00005514,151.04000000
1745856000005,-0.00010338,146.23000000
1745884800000,-0.00016044,147.76000000
1745913600000,-0.00004373,148.82000000
1745942400010,0.00002238,147.92000000
1745971200001,-0.00006214,146.20970877
1746000000000,-0.00005841,146.33000000
1746028800003,-0.00015110,142.16146140
1746057600000,0.00004946,147.47723860
1746086400000,0.00008433,149.72746667
1746115200001,0.00000560,151.77000000
1746144000000,0.00002490,150.76346579
1746172800000,-0.00005683,148.43000000
1746201600003,-0.00005442,149.82000000
1746230400000,-0.00012523,147.94767604
1746259200000,-0.00003821,148.02040877
1746288000000,-0.00009958,148.38497544
1746316800001,-0.00000404,146.63567544
1746345600001,-0.00004138,145.57000000
1746374400002,-0.00012151,146.72538246
1746403200000,-0.00006756,143.87029825
1746432000000,0.00001617,146.80000000
1746460800006,-0.00009298,143.66304649
1746489600002,0.00006405,146.65000000
1746518400005,-0.00004546,145.19346053
1746547200000,-0.00002434,143.11000000
1746576000002,0.00008971,146.83000000
1746604800000,0.00003313,147.19097544
1746633600006,0.00006688,145.67760000
1746662400000,0.00002457,147.27000000
1746691200001,0.00005832,151.51000000
1746720000002,0.00009640,160.16273684
1746748800001,0.00010000,164.44475439
1746777600006,0.00010000,165.06110614
1746806400000,0.00010000,170.73000000
1746835200001,0.00010000,172.74000000
1746864000000,0.00010000,172.29862412
1746892800001,0.00010000,171.02073684
1746921600000,0.00010000,177.87069825
1746950400001,0.00010000,172.59454912
1746979200001,0.00005117,170.41000000
1747008000004,0.00003571,173.09405000
1747036800000,0.00006886,176.03000000
1747065600000,0.00010000,174.40000000
1747094400000,0.00008216,174.14000000
1747123200008,0.00010000,171.42000000
1747152000001,0.00004667,176.00333860
1747180800007,0.00010000,183.72067456
1747209600000,0.00010000,181.68896579
1747238400002,0.00002295,177.26000000
1747267200000,-0.00002267,176.52094781
1747296000003,0.00000924,170.34000000
1747324800000,0.00003324,172.14809737
1747353600001,-0.00001229,169.06000000
1747382400000,0.00008483,172.07000000
1747411200000,-0.00001038,172.01804474
1747440000000,-0.00004807,167.36287412
1747468800001,0.00003475,168.49000000
1747497600004,0.00001111,167.21177807
1747526400000,0.00002020,165.88000000
1747555200000,0.00007853,170.59000000
1747584000000,0.00005057,176.20000000
1747612800000,-0.00001197,173.24000000
1747641600006,-0.00013744,161.79328070
1747670400010,-0.00010509,164.09827851
1747699200000,0.00007217,166.71779649
1747728000002,0.00010000,167.30000000
1747756800000,-0.00002235,166.54000000
1747785600000,0.00006901,168.51000000
1747814400001,0.00009580,168.76000000
1747843200004,0.00009897,172.12000000
1747872000001,0.00007607,173.49895439
1747900800000,0.00010000,178.45000000
1747929600002,0.00010000,178.90873860
1747958400006,0.00010000,179.60000000
1747987200000,0.00010000,182.49000000
1748016000007,0.00010000,180.61000000
1748044800010,0.00010000,173.92919035
1748073600000,-0.00002064,173.84143860
1748102400003,0.00001263,176.23556053
1748131200004,0.00006352,175.81000000
1748160000000,-0.00003821,172.27191272
1748188800000,-0.00003651,170.21376447
1748217600000,-0.00000990,175.65000000
1748246400000,0.00001765,178.07513684
1748275200002,0.00008686,177.38000000
1748304000003,-0.00008877,174.80368026
1748332800001,-0.00002909,175.38000000
1748361600005,0.00010000,178.40000000
1748390400002,0.00010000,176.64447588
1748419200003,-0.00002762,173.81000000
1748448000002,-0.00013891,169.58000000
1748476800000,-0.00008565,172.12576447
1748505600006,0.00007947,172.17000000
1748534400000,-0.00003067,169.65000000
1748563200003,-0.00001093,166.62000000
1748592000003,-0.00005322,162.59000000
1748620800000,0.00003101,161.11000000
1748649600000,0.00003422,156.12199123
1748678400000,0.00001633,154.77000000
1748707200000,-0.00010143,155.52383728
1748736000001,-0.00006233,156.37000000
1748764800002,-0.00008005,154.35154326
1748793600000,-0.00004325,154.08000000
1748822400001,0.00004401,157.62000000
1748851200000,0.00004587,155.46115877
1748880000000,-0.00000375,153.09000000
1748908800000,0.00004371,156.74000000
1748937600000,0.00006746,159.75000000
1748966400001,0.00000576,162.12000000
1748995200000,-0.00004581,155.10815746
1749024000000,0.00005065,156.34891228
1749052800000,0.00001795,157.06000000
1749081600016,0.00001332,153.19000000
1749110400000,0.00003552,152.36000000
1749139200000,-0.00000604,150.81000000
1749168000002,-0.00006476,144.21257632
1749196800000,-0.00011387,147.29542281
1749225600006,-0.00001384,151.01787281
1749254400000,0.00006211,147.77000000
1749283200000,0.00001300,152.30123596
1749312000002,-0.00002393,150.92000000
1749340800000,-0.00000074,149.98000000
1749369600000,0.00004196,149.22000000
1749398400000,-0.00002649,150.63000000
1749427200000,0.00010000,152.39030175
1749456000001,0.00002864,150.78000000
1749484800001,0.00004810,154.92853640
1749513600000,0.00009077,161.09000000
1749542400001,0.00010000,158.39000000
1749571200003,-0.00000113,157.97000000
1749600000000,0.00010000,165.06000000
1749628800000,0.00010000,166.59149167
1749657600010,0.00010000,167.20000000
1749686400002,0.00005193,160.90971454
1749715200003,0.00003997,158.71141905
1749744000001,-0.00000202,156.94063377
1749772800000,-0.00001707,152.25097588
1749801600001,-0.00009270,144.92041659
1749830400004,0.00001064,147.09000000
1749859200000,0.00008928,148.53000000
1749888000000,0.00002159,146.11000000
1749916800000,-0.00000480,144.46155175
1749945600005,-0.00003760,144.56000000
1749974400009,0.00007334,145.82000000
1750003200000,0.00008709,150.77000000
1750032000000,0.00010000,152.89000000
1750060800000,0.00010000,157.19949956
1750089600003,-0.00000624,156.49000000
1750118400000,0.00000996,150.67078596
1750147200006,0.00010000,152.61862237
1750176000001,0.00005322,147.55000000
1750204800001,0.00005552,147.49000000
1750233600001,-0.00000710,147.91312412
1750262400001,-0.00002074,145.68091404
1750291200005,0.00002853,146.28000000
1750320000003,0.00002565,145.00000000
1750348800000,0.00001075,143.08000000
1750377600000,0.00005538,146.97565746
1750406400002,0.00004090,147.40000000
1750435200001,0.00001443,142.76000000
1750464000002,-0.00005118,140.02000000
1750492800005,-0.00007613,140.55000000
1750521600000,0.00002732,140.23000000
1750550400005,-0.00003464,135.33827939
1750579200000,0.00003965,134.75000000
1750608000003,0.00000855,128.53444605
1750636800000,0.00004979,131.67592500
1750665600004,0.00000469,134.32000000
1750694400013,0.00001440,133.35000000
1750723200003,0.00008638,144.41000000
1750752000000,-0.00002013,143.96364693
1750780800000,0.00002041,144.24000000
1750809600005,-0.00001345,145.82440482
1750838400000,0.00010000,146.94988728
1750867200005,0.00004739,143.61000000
1750896000000,0.00003413,143.49000000
1750924800006,0.00002145,145.07359649
1750953600007,-0.00006184,142.93723860
1750982400000,-0.00006442,138.98000000
1751011200000,0.00001541,140.26209054
1751040000009,0.00001738,143.40000000
1751068800001,0.00006933,142.03001667
1751097600002,0.00010000,146.45733333
1751126400000,0.00010000,148.10836491
1751155200004,0.00010000,150.67000000
1751184000001,0.00010000,150.26000000
1751212800001,0.00003460,150.69125965
1751241600000,0.00006987,153.22808158
1751270400005,0.00000833,150.59659474
1751299200002,0.00003926,157.78000000
1751328000007,0.00009123,154.74839561
1751356800002,0.00005050,149.97504059
1751385600000,-0.00007235,147.13000000
1751414400001,-0.00005826,146.79291667
1751443200000,-0.00004281,149.03000000
1751472000003,-0.00000492,151.25000000
1751500800006,0.00007514,152.24000000
1751529600003,0.00008784,155.53000000
1751558400003,-0.00000808,150.09544474
1751587200005,-0.00001339,152.28169518
1751616000003,0.00009974,150.42292895
1751644800001,-0.00006162,146.50265789
1751673600004,-0.00015145,147.59000000
1751702400009,-0.00007863,147.78000000
1751731200006,-0.00006498,147.04813333
1751760000001,-0.00003364,147.50000000
1751788800002,-0.00007540,147.82000000
1751817600004,0.00003442,151.48000000
1751846400000,0.00010000,151.81000000
1751875200007,0.00006880,152.30300482
1751904000000,0.00003570,150.99421184
1751932800010,0.00003474,148.82000000
1751961600003,-0.00003311,149.57875088
1751990400000,-0.00000741,149.79000000
1752019200002,0.00002053,151.59000000
1752048000006,0.00000017,152.94000000
1752076800001,0.00000552,153.91000000
1752105600003,0.00010000,157.00600833
1752134400000,0.00002127,157.83000000
1752163200004,0.00001690,156.37000000
1752192000004,0.00010000,164.28716754
1752220800007,0.00004064,163.18000000
1752249600001,0.00010000,162.27551842
1752278400000,0.00010000,162.87883860
1752307200001,0.00010000,163.16000000
1752336000002,0.00010000,158.07000000
1752364800006,0.00010000,160.63000000
1752393600001,0.00010000,162.58065132
1752422400003,0.00007719,161.95000000
1752451200000,0.00003590,161.05029868
1752480000000,0.00010000,167.18102982
1752508800000,0.00010000,163.92204956
1752537600002,0.00007758,162.14343991
1752566400000,-0.00000361,159.45340526
1752595200000,0.00002244,160.39000000
1752624000000,0.00010000,163.99894254
1752652800000,0.00010000,164.03167105
1752681600008,0.00010000,168.43000000
1752710400003,0.00010000,173.63000000
1752739200000,0.00010000,173.98000000
1752768000000,0.00010000,174.12000000
1752796800004,0.00010000,175.82000000
1752825600000,0.00010000,181.15000000
1752854400000,0.00010000,177.02986842
1752883200009,0.00010000,177.21000000
1752912000000,0.00010000,176.99000000
1752940800002,0.00010000,177.37645921
1752969600000,0.00010000,176.93442456
1752998400000,0.00010000,177.92000000
1753027200000,0.00010000,181.93000000
1753056000001,0.00010000,181.41071272
1753084800000,0.00010000,190.10000000
1753113600001,0.00012900,196.86700263
1753142400000,0.00010000,195.73310482
1753171200010,0.00010000,198.08459254
1753200000007,0.00010000,201.85002237
1753228800000,0.00010000,205.77987588
1753257600004,0.00010000,199.49798509
1753286400002,0.00010000,192.71000000
1753315200000,0.00010000,189.38281579
1753344000001,0.00010000,184.16258158
1753372800000,0.00010000,188.47000000
1753401600000,0.00010000,182.77000000
1753430400000,0.00006102,177.47048947
1753459200000,0.00010000,178.14628904
1753488000001,0.00010000,186.69139161
1753516800005,0.00010000,186.41000000
1753545600001,0.00010000,187.49000000
1753574400001,0.00010000,184.83000000
1753603200000,0.00010000,187.17980833
1753632000008,0.00010000,186.39519079
1753660800005,0.00010000,188.56781009
1753689600000,0.00010000,192.32797632
1753718400000,0.00010000,187.14000000
1753747200001,-0.00000347,183.03000000
1753776000000,0.00000817,185.95000000
1753804800000,0.00004218,180.74365351
1753833600011,0.00001098,181.39000000
1753862400000,0.00007655,180.77022675
1753891200008,-0.00001266,179.11307281
1753920000000,-0.00000814,177.68000000
1753948800009,0.00004662,181.16000000
1753977600000,0.00000862,177.24208596
1754006400001,0.00004034,172.16545132
1754035200003,-0.00001440,169.32300570
1754064000000,0.00003852,168.50000000
1754092800004,-0.00003851,162.60000000
1754121600000,0.00003654,164.34499430
1754150400000,0.00003981,161.45000000
1754179200000,-0.00010062,158.39208465
1754208000000,-0.00005920,161.25000000
1754236800003,-0.00007571,162.00000000
1754265600004,-0.00014534,161.84000000
1754294400000,-0.00006297,162.95102632
1754323200002,-0.00006458,165.38853202
1754352000000,-0.00003577,169.46286447
1754380800000,-0.00002117,166.14000000
1754409600000,-0.00004816,163.68000000
1754438400005,-0.00006840,163.99000000
1754467200000,-0.00003584,164.16000000
1754496000000,0.00001840,168.97000000
1754524800003,0.00010000,168.03000000
1754553600002,0.00001246,169.91000000
1754582400002,0.00004431,170.38000000
1754611200002,0.00006422,175.27888877
1754640000004,0.00001197,177.04000000
1754668800000,0.00003043,175.14138333
1754697600005,0.00010000,176.69000000
1754726400000,0.00008345,180.54000000
1754755200007,0.00007712,180.01000000
1754784000003,0.00009612,179.87102344
1754812800005,0.00007842,178.86862500
1754841600002,0.00010000,181.46731979
1754870400000,0.00009508,182.59000000
1754899200000,0.00010000,182.93000000
1754928000000,0.00000319,180.10106579
1754956800000,-0.00002394,174.75000000
1754985600001,-0.00001203,175.81000000
1755014400005,-0.00002257,181.61000000
1755043200000,0.00010000,191.76000000
1755072000002,0.00010000,198.78821491
1755100800006,0.00010000,197.46507895
1755129600002,0.00010000,201.57000000
1755158400003,0.00025876,205.73010088
1755187200000,0.00010000,194.87115789
1755216000000,0.00010000,192.41275877
1755244800000,0.00010000,196.89107456
1755273600000,0.00004024,185.45000000
1755302400004,-0.00004219,185.62240625
1755331200000,0.00006279,189.01000000
1755360000002,0.00007134,188.73000000
1755388800000,0.00010000,189.52000000
1755417600001,0.00009630,191.80000000
1755446400007,0.00005105,195.39000000
1755475200000,0.00008860,190.92791667
1755504000001,-0.00005077,180.54000000
1755532800002,-0.00006163,183.00742982
1755561600000,-0.00001986,182.84000000
1755590400001,0.00004048,180.05000000
1755619200000,0.00006293,177.89000000
1755648000000,0.00002581,176.10000000
1755676800000,0.00008810,180.45000000
1755705600000,0.00010000,182.95000000
1755734400006,0.00010000,187.89656579
1755763200000,0.00010000,186.93000000
1755792000003,0.00001366,181.55000000
1755820800010,0.00003301,180.24000000
1755849600007,0.00010000,183.89601249
1755878400001,0.00010000,193.49722368
1755907200004,0.00010000,200.67000000
1755936000006,0.00010000,205.27516228
1755964800000,0.00010000,202.68060088
1755993600001,0.00010000,204.20878947
1756022400002,0.00010000,206.79745175
1756051200001,0.00010000,205.73000000
1756080000000,0.00010000,206.06179386
1756108800002,0.00010000,199.84000000
1756137600002,0.00010000,196.48761842
1756166400000,0.00002857,187.08518421
1756195200000,-0.00000898,188.82000000
1756224000000,0.00005270,190.71867105
1756252800003,0.00010000,195.77000000
1756281600000,0.00010000,202.37000000
1756310400009,0.00010000,208.63000000
1756339200000,0.00010000,202.93000000
1756368000005,0.00010000,213.03000000
1756396800004,0.00010000,211.02660965
1756425600000,0.00008562,214.30363596
1756454400000,0.00007793,208.73000000
1756483200005,0.00007047,204.34000000
1756512000000,-0.00001362,204.98000000
1756540800002,0.00005373,205.04000000
1756569600003,-0.00003140,200.98000000
1756598400016,0.00001753,202.60000000
1756627200000,0.00009518,203.44000000
1756656000001,0.00009036,204.48000000
1756684800000,0.00009019,200.57673952
1756713600000,0.00000792,202.84000000
1756742400001,0.00002302,198.26811842
1756771200000,0.00004576,197.22000000
1756800000005,0.00010000,202.07000000
1756828800007,0.00009872,200.20000000
1756857600006,0.00010000,209.54000000
1756886400002,0.00008685,209.28296491
1756915200002,0.00000761,211.25311404
1756944000002,0.00003074,210.64000000
1756972800000,0.00006703,206.56035526
1757001600000,0.00006691,203.71000000
1757030400001,-0.00000457,202.23000000
1757059200006,0.00001493,207.75411686
1757088000000,0.00001122,203.46000000
1757116800000,0.00008900,203.29228070
1757145600005,0.00010000,202.94614912
1757174400000,0.00001754,201.16000000
1757203200000,0.00000006,200.06000000
1757232000000,0.00006542,202.90000000
1757260800000,0.00003077,205.09890351
1757289600007,0.00010000,206.30730152
1757318400000,0.00010000,207.85000000
1757347200000,0.00010000,214.98035965
1757376000000,0.00008916,214.03000000
1757404800000,0.00010000,219.17894737
1757433600000,0.00010000,212.97179386
1757462400000,0.00003617,217.11000000
1757491200002,0.00010000,222.14000000
1757520000000,0.00010000,223.04000000
1757548800000,0.00004953,223.94159233
1757577600000,-0.00001990,223.09880702
1757606400001,0.00009486,226.71000000
1757635200002,0.00000236,228.62782018
1757664000001,0.00000469,237.24000000
1757692800005,0.00000719,239.21000000
1757721600005,0.00001709,242.08000000
1757750400002,0.00006327,242.34618421
1757779200000,0.00005623,239.39000000
1757808000006,-0.00000376,242.23000000
1757836800000,0.00005813,246.27228509
1757865600001,0.00002920,243.74238158
1757894400006,-0.00000717,239.63640789
1757923200002,0.00000858,237.87000000
1757952000001,0.00004813,232.90297368
1757980800001,0.00006405,234.18893860
1758009600000,0.00007636,235.68000000
1758038400000,0.00007783,237.67542982
1758067200001,-0.00001958,236.86090351
1758096000000,0.00003782,237.64000000
1758124800003,0.00003428,233.79000000
1758153600006,0.00008719,244.75000000
1758182400002,0.00010000,244.65000000
1758211200000,0.00001468,248.13000000
1758240000000,0.00010000,247.35885088
1758268800005,0.00009667,243.71000000
1758297600000,0.00000803,237.38000000
1758326400000,-0.00003324,238.40000000
1758355200000,-0.00006980,239.64161404
1758384000002,-0.00002909,240.01000000
1758412800000,-0.00000439,239.38000000
1758441600000,0.00004391,239.75105263
1758470400000,0.00000963,237.78000000
1758499200005,0.00000406,236.06271053
1758528000003,-0.00001362,221.81000000
1758556800000,-0.00010344,220.62000000
1758585600000,0.00004622,220.28330702
1758614400001,0.00004873,218.87000000
1758643200000,0.00000593,219.18000000
1758672000003,0.00002831,213.19000000
1758700800001,0.00003094,210.54000000
1758729600002,-0.00000340,213.46679825
1758758400000,-0.00012840,211.45650877
1758787200001,-0.00003446,204.10227193
1758816000000,0.00003595,201.05000000
1758844800000,0.00003743,192.63193860
1758873600000,-0.00003977,196.25598246
1758902400008,-0.00004772,195.92000000
1758931200000,-0.00009862,205.03000000
1758960000010,0.00006955,201.96232456
1758988800003,-0.00002293,203.41585088
1759017600000,0.00002105,203.32218421
1759046400000,-0.00003715,202.00000000
1759075200000,0.00001970,203.33000000
1759104000000,0.00004762,210.72236842
1759132800002,0.00010000,208.85000000
1759161600001,-0.00007412,209.95000000
1759190400002,-0.00005066,212.60618421
1759219200005,-0.00016084,208.88000000
1759248000000,-0.00003859,205.92147368
1759276800000,0.00007070,208.60000000
1759305600000,0.00010000,210.09137931
1759334400000,-0.00000702,220.13000000
1759363200000,0.00007943,221.92000000
1759392000013,-0.00009812,222.82000000
1759420800000,-0.00002091,227.09000000
1759449600006,-0.00009937,234.61000000
1759478400006,0.00006248,229.33000000
1759507200000,0.00007389,234.67000000
1759536000001,0.00007725,232.74000000
1759564800000,0.00000517,229.02445554
1759593600000,0.00001040,224.55000000
1759622400000,0.00001013,227.73871930
1759651200003,0.00008810,236.48000000
1759680000009,-0.00004722,230.02000000
1759708800004,-0.00007241,228.45000000
1759737600002,0.00002963,231.23000000
1759766400004,0.00005395,235.56406140
1759795200000,0.00001768,232.27000000
1759824000003,-0.00006695,230.88000000
1759852800000,-0.00002108,223.66678947
1759881600000,-0.00006781,219.84930702
1759910400006,-0.00000605,220.85000000
1759939200002,-0.00003581,221.09483333
1759968000001,0.00010000,228.96000000
1759996800000,0.00010000,224.39488596
1760025600000,-0.00000236,219.05704386
1760054400005,-0.00002367,220.80268421
1760083200002,0.00002784,217.99000000
1760112000014,0.00000306,210.58000000
1760140800000,-0.00302761,187.65000000
1760169600003,-0.00203878,182.58305263
1760198400000,-0.00158704,183.58000000
1760227200004,-0.00124994,177.21000000
1760256000002,-0.00123408,182.31776770
1760284800000,-0.00057183,191.04957895
1760313600003,-0.00060725,196.89000000
1760342400002,-0.00023311,196.65000000
1760371200003,-0.00005122,196.32000000
1760400000000,0.00000621,208.58342105
1760428800000,0.00004088,194.38979825
1760457600000,-0.00007110,202.05735965
1760486400006,-0.00006096,202.35901754
1760515200002,0.00005749,204.57874561
1760544000000,0.00004099,197.06000000
1760572800000,-0.00006784,193.73000000
1760601600003,-0.00004113,192.84157018
1760630400002,-0.00007614,187.52011404
1760659200001,-0.00002994,184.76815789
1760688000005,0.00007329,177.72000000
1760716800003,0.00009462,182.65000000
1760745600000,-0.00008545,181.89000000
1760774400002,-0.00000155,186.17000000
1760803200001,-0.00003501,184.94734120
1760832000001,0.00010000,187.48000000
1760860800001,0.00001997,185.82000000
1760889600001,0.00002250,190.66000000
1760918400004,-0.00008569,187.78000000
1760947200001,0.00000530,192.95646491
1760976000000,-0.00003004,190.42000000
1761004800009,-0.00000342,189.64000000
1761033600000,-0.00008944,184.89294737
1761062400000,0.00004135,196.17000000
1761091200004,0.00010000,185.54000000
1761120000000,-0.00009872,184.90000000
1761148800000,-0.00002230,183.91000000
1761177600000,-0.00003216,179.98452632
1761206400001,0.00000684,187.40000000
1761235200004,0.00010000,190.98000000
1761264000000,0.00010000,191.27000000
1761292800000,0.00010000,192.09000000
1761321600009,0.00001595,189.31792105
1761350400000,0.00010000,193.51140653
1761379200001,0.00010000,193.86000000
1761408000001,0.00005536,191.80354386
1761436800001,0.00006721,193.75082456
1761465600001,0.00004492,193.79347368
1761494400000,0.00005882,199.42445614
1761523200000,0.00010000,199.95000000
1761552000005,0.00010000,202.43000000
1761580800000,0.00003983,200.01012281
1761609600000,0.00001820,198.61000000
1761638400000,0.00007929,202.29150877
1761667200004,0.00000617,198.74400877
1761696000004,-0.00013860,194.05710526
1761724800005,-0.00005808,195.53000000
1761753600000,0.00008873,196.72000000
1761782400004,0.00000071,193.81848246
1761811200008,0.00002026,195.73340351
1761840000001,-0.00016797,184.95272807
1761868800000,-0.00022069,184.51346491
1761897600008,-0.00007523,185.23000000
1761926400007,-0.00000138,188.05371143
1761955200001,0.00000150,187.12627193
1761984000000,0.00002930,185.71000000
1762012800000,-0.00005041,186.30282456
1762041600007,0.00005263,186.29000000
1762070400000,0.00002822,187.62000000
1762099200001,-0.00007385,183.68581579
1762128000000,0.00002882,187.68878070
1762156800010,-0.00017049,176.38259649
1762185600000,-0.00015146,166.70000000
1762214400002,-0.00004994,165.96408772
1762243200004,-0.00013832,157.00000000
1762272000000,0.00001759,161.40000000
1762300800000,0.00003273,154.95000000
1762329600000,0.00005027,156.41000000
1762358400004,-0.00011308,160.37806140
1762387200001,-0.00010410,162.30709649
1762416000000,-0.00004391,158.78000000
1762444800001,0.00007661,155.86076316
1762473600005,-0.00001927,155.22391107
1762502400003,-0.00000473,157.69708772
1762531200005,0.00001958,155.33650000
1762560000011,0.00008950,161.73274561
1762588800015,-0.00001277,160.96000000
1762617600001,0.00000485,156.60000000
1762646400004,-0.00009501,157.95000000
1762675200000,-0.00002922,159.19086842
1762704000005,0.00004444,162.46672807
1762732800000,0.00010000,164.46000000
1762761600000,-0.00011243,167.30646491
1762790400003,-0.00007960,166.17000000
1762819200007,-0.00004500,167.24000000
1762848000000,-0.00020845,163.88464912
1762876800009,-0.00001407,160.81778947
1762905600000,-0.00002000,154.50000000
1762934400002,-0.00015825,154.93373684
1762963200000,-0.00003650,155.67933757
1762992000002,-0.00008205,153.31098246
1763020800000,0.00003785,155.23678766
1763049600001,-0.00001195,153.07185118
1763078400000,-0.00019091,144.63000000
1763107200000,-0.00000995,142.77992502
1763136000001,0.00010000,142.17000000
1763164800005,0.00010000,138.84676133
1763193600000,0.00005851,142.66000000
1763222400001,-0.00001324,141.64000000
1763251200001,0.00004071,139.55000000
1763280000000,0.00007161,142.23403365
1763308800000,-0.00000532,137.36000000
1763337600003,0.00010000,137.12000000
1763366400003,0.00010000,141.26000000
1763395200000,0.00009994,137.05371218
1763424000002,0.00002095,130.89000000
1763452800004,0.00010000,136.85115942
1763481600000,0.00008922,139.62000000
1763510400000,0.00002756,140.61000000
1763539200000,0.00008916,140.49795401
1763568000008,-0.00000686,134.54000000
1763596800000,-0.00010212,136.95450283
1763625600000,0.00010000,143.74000000
1763654400000,0.00010000,138.50378068
1763683200001,-0.00009397,133.64464663
1763712000000,0.00005033,127.44857072
1763740800001,-0.00012104,125.34000000
1763769600004,-0.00005419,128.62901262
1763798400000,-0.00003816,127.64001836
1763827200000,-0.00005023,127.06788184
1763856000000,0.00004294,127.51447344
1763884800008,-0.00004937,128.80325121
1763913600003,0.00002945,132.82108304
1763942400004,0.00001509,130.51213194
1763971200000,0.00003449,130.24000000
1764000000006,0.00000457,131.88196885
1764028800000,-0.00004847,138.38629986
1764057600009,0.00008543,136.28000000
1764086400007,-0.00018105,134.77000000
1764115200001,-0.00000675,138.90000000
1764144000001,0.00010000,139.84196636
1764172800000,-0.00008604,136.59395896
1764201600013,0.00008820,142.94000000
1764230400000,-0.00001255,143.67216831
1764259200004,0.00002643,142.08000000
1764288000008,-0.00006408,140.77000000
1764316800000,-0.00015136,138.89203804
1764345600008,0.00002204,141.57038176
1764374400000,-0.00008328,137.27000000
1764403200005,0.00006100,137.22955869
1764432000001,0.00001089,137.50025108
1764460800003,0.00007173,135.84418666
1764489600000,0.00006664,136.44976485
1764518400004,0.00008402,138.29000000
1764547200000,0.00010000,133.41112660
1764576000004,-0.00009161,127.32000000
1764604800000,0.00000707,125.05000000
1764633600004,-0.00006147,126.57808864
1764662400000,0.00001549,127.18000000
1764691200000,0.00002488,137.80371664
1764720000000,0.00010000,138.63400240
1764748800000,0.00008835,141.82000000
1764777600005,0.00006438,140.94621737
1764806400012,0.00010000,144.62460389
1764835200000,0.00007212,143.38000000
1764864000011,0.00010000,143.14234727
1764892800000,0.00002583,138.95572447
1764921600000,0.00004599,139.61000000
1764950400010,0.00006353,134.97261252
1764979200001,-0.00002519,133.22957320
1765008000001,-0.00001154,132.64024890
1765036800008,-0.00002208,132.80000000
1765065600000,0.00004977,132.14000000
1765094400004,0.00002491,132.04711702
1765123200000,-0.00004449,131.96000000
1765152000000,-0.00004676,132.17000000
1765180800000,0.00006981,135.79642378
1765209600001,0.00007621,135.46000000
1765238400001,-0.00004393,133.19000000
1765267200001,0.00003189,133.12000000
1765296000007,-0.00001380,138.40284129
1765324800007,0.00010000,137.82000000
1765353600002,0.00002067,139.13000000
1765382400012,0.00002310,136.10650823
1765411200001,0.00000945,136.19000000
1765440000000,-0.00016369,130.94041339
1765468800000,-0.00006531,131.10957885
1765497600005,0.00009412,136.37000000
1765526400007,0.00010000,139.06300776
1765555200002,0.00010000,133.48393222
1765584000001,-0.00007703,132.19000000
1765612800006,-0.00002011,132.84106571
1765641600000,-0.00002083,133.21568344
1765670400000,-0.00001510,133.05000000
1765699200003,-0.00002194,133.19767324
1765728000005,-0.00009436,130.60000000
1765756800000,-0.00009823,129.28000000
1765785600000,0.00002213,132.29000000
1765814400000,0.00002482,126.81163833
1765843200002,-0.00012962,127.72211192
1765872000000,-0.00006503,125.48641913
1765900800002,0.00006541,129.67272467
1765929600004,0.00003595,129.06000000
1765958400000,0.00003390,128.20729133
1765987200000,0.00005848,126.72000000
1766016000005,-0.00017374,123.16799135
1766044800007,-0.00003187,122.76000000
1766073600001,0.00004877,127.36000000
1766102400000,-0.00003298,119.53000000
1766131200001,0.00007363,124.39000000
1766160000000,0.00010000,125.02653782
1766188800005,0.00010000,126.22000000
1766217600000,0.00006912,126.13288035
1766246400002,0.00006936,126.49000000
1766275200000,0.00008009,125.74000000
1766304000009,0.00009929,125.25000000
1766332800000,-0.00001358,124.98986373
1766361600000,0.00003525,125.97000000
1766390400005,0.00004368,126.23476123
1766419200009,0.00005393,128.02000000
1766448000000,-0.00006200,125.86000000
1766476800000,0.00002113,124.14000000
1766505600001,-0.00007533,123.29860916
1766534400001,0.00007105,123.95000000
1766563200001,-0.00000347,121.24000000
1766592000000,0.00002942,122.68869200
1766620800000,0.00010000,122.49000000
1766649600001,0.00010000,122.25000000
1766678400005,0.00002980,123.60000000
1766707200004,0.00008160,119.96972657
1766736000001,0.00004708,122.67000000
1766764800007,0.00010000,121.49767409
1766793600000,0.00000489,122.21862911
1766822400000,0.00010000,123.11000000
1766851200011,0.00010000,123.26000000
1766880000008,0.00010000,124.67000000
1766908800000,0.00010000,124.17000000
1766937600000,0.00010000,124.40000000
1766966400016,0.00005464,125.22000000
1766995200001,0.00010000,127.83000000
1767024000000,-0.00003375,123.36978281
1767052800005,-0.00002097,123.19847985
1767081600001,-0.00003541,123.94000000
1767110400003,0.00010000,125.11000000
1767139200004,0.00010000,124.92806357
1767168000001,0.00002078,125.91502538
1767196800001,0.00010000,125.54000000
1767225600008,0.00002778,124.58353366
1767254400002,0.00001759,124.19000000
1767283200001,0.00002227,124.90000000
1767312000006,0.00010000,126.83802867
1767340800007,0.00010000,127.10000000
1767369600000,0.00010000,128.95000000
1767398400001,0.00010000,132.24000000
1767427200000,0.00008286,130.04561207
1767456000000,0.00006427,131.41171045
1767484800000,0.00010000,133.31000000
1767513600000,0.00004499,133.76582109
1767542400001,0.00004667,134.83875265
1767571200000,0.00005164,134.05546468
1767600000000,0.00001007,135.34642229
1767628800000,0.00001357,136.11752274
1767657600010,0.00010000,137.85000000
1767686400000,0.00003473,137.52000000
1767715200000,0.00010000,141.56000000
1767744000001,0.00010000,141.03000000
1767772800001,-0.00000147,139.31000000
1767801600001,-0.00004471,135.62000000
1767830400001,0.00002799,136.32000000
1767859200000,0.00007768,135.82000000
1767888000000,0.00000085,136.35028542
1767916800003,0.00010000,138.29702508
1767945600000,0.00009569,139.51000000
1767974400001,0.00010000,138.76000000
1768003200000,-0.00009725,135.89376587
1768032000002,-0.00006589,136.00030780
1768060800001,-0.00000182,136.35788816
1768089600003,0.00008687,135.78000000
1768118400006,0.00010000,136.13736255
1768147200000,0.00004403,138.38000000
1768176000005,0.00010000,139.66275279
1768204800000,0.00010000,141.34000000
1768233600000,0.00003690,142.55000000
1768262400007,0.00003697,139.13546452
1768291200009,0.00002223,139.88787790
1768320000002,0.00010000,143.44648096
1768348800000,0.00010000,145.47779433
1768377600001,0.00010000,144.81000000
1768406400004,0.00009806,147.03000000
1768435200000,0.00010000,146.61718185
1768464000004,0.00000975,144.94000000
1768492800002,-0.00001293,143.44941339
1768521600000,-0.00004172,142.32580280
1768550400000,-0.00001717,142.85000000
1768579200001,0.00001270,140.68636363
1768608000000,0.00010000,144.83599855
1768636800000,0.00007146,143.56213667
1768665600002,-0.00001012,144.26153099
1768694400001,0.00001596,143.67292804
1768723200000,-0.00009483,142.03184718
1768752000000,-0.00003060,141.91242695
1768780800007,-0.00001163,137.79000000
1768809600007,0.00002229,133.39860337
1768838400007,0.00009979,133.47754611
1768867200005,0.00002304,133.39000000
1768896000001,0.00008389,130.58145684
1768924800009,-0.00006674,127.78709444
1768953600001,0.00000213,125.73063535
1768982400011,-0.00002730,127.53000000
1769011200011,0.00000381,130.38000000
1769040000010,0.00006571,129.48000000
1769068800003,-0.00006167,129.72000000
1769097600005,-0.00006749,127.35822098
1769126400005,-0.00001016,128.41000000
1769155200000,0.00001237,127.84286467
1769184000011,-0.00006703,127.85000000
1769212800011,-0.00001852,127.37000000
1769241600002,-0.00000928,127.06378911
1769270400001,0.00000543,126.77256865
1769299200002,-0.00007297,127.13647591
1769328000011,-0.00003952,126.40892978
1769356800005,0.00005353,125.51419737
1769385600000,-0.00020746,118.77551437
1769414400003,0.00000717,122.85000000
1769443200000,0.00002194,123.46000000
1769472000002,0.00008056,124.18000000
1769500800000,0.00007857,124.45982222
1769529600000,0.00002427,124.96456833
1769558400000,0.00008604,127.12000000
1769587200000,0.00006014,127.04000000
1769616000000,0.00003305,126.01000000
1769644800000,0.00001450,125.29000000
1769673600009,-0.00005141,123.71000000
1769702400000,-0.00007620,117.59121661
1769731200008,-0.00018200,117.73589308
1769760000000,-0.00008985,115.73712653
1769788800001,-0.00004603,116.76665474
1769817600000,-0.00000473,117.53000000
1769846400001,-0.00019176,117.30000000
1769875200009,-0.00015483,108.57309709
1769904000001,-0.00069212,105.43000000
1769932800004,-0.00019219,105.14612407
1769961600000,-0.00008954,101.61000000
1769990400000,-0.00014659,100.72000000
1770019200014,-0.00007189,101.39000000
1770048000000,-0.00005479,104.62139390
1770076800000,-0.00012874,104.47417437
1770105600007,-0.00009347,104.63000000
1770134400000,-0.00016414,102.52093071
1770163200002,-0.00017777,97.81694967
1770192000007,-0.00047041,97.83000000
1770220800000,-0.00033402,92.69000000
1770249600011,-0.00002794,92.07483339
1770278400000,0.00000948,90.50000000
1770307200007,-0.00002324,84.53637247
1770336000000,-0.00016041,78.29703527
1770364800001,-0.00043701,79.48000000
1770393600000,-0.00055144,84.39000000
1770422400003,-0.00053126,87.41000000
1770451200000,-0.00024143,85.26068912
1770480000010,-0.00015393,86.51000000
1770508800003,-0.00028211,87.52246626
1770537600000,-0.00039857,87.32125481
1770566400000,-0.00030758,87.72000000
1770595200002,-0.00018599,86.92825337
1770624000001,-0.00015733,85.43000000
1770652800007,-0.00001919,85.26000000
1770681600000,-0.00012797,86.71341251
1770710400007,-0.00009266,84.58000000
1770739200000,-0.00015079,84.25000000
1770768000000,0.00003598,82.96000000
1770796800006,-0.00009212,80.96000000
1770825600000,-0.00008635,79.66036535
1770854400000,-0.00019240,79.26506784
1770883200001,-0.00007372,80.72583313
1770912000001,-0.00016709,80.06714162
1770940800007,-0.00004022,78.37000000
1770969600003,-0.00000612,78.93168824
1770998400005,0.00000710,83.15602904
1771027200002,0.00002902,84.28000000
1771056000004,-0.00007743,85.13000000
1771084800002,-0.00005619,87.39000000
1771113600000,-0.00017847,88.01000000
1771142400002,-0.00001010,90.68000000
1771171200000,0.00005339,87.36140729
1771200000001,-0.00004817,86.10000000
1771228800003,-0.00000660,85.01000000
1771257600000,-0.00015888,83.16000000
1771286400008,-0.00003812,86.40000000
1771315200001,-0.00005851,86.42000000
1771344000002,-0.00012454,83.76000000
1771372800000,-0.00009696,85.03000000
1771401600000,-0.00003984,85.22000000
1771430400011,-0.00022870,82.95751549
1771459200013,-0.00012426,81.54887179
1771488000000,-0.00012365,82.35328832
1771516800003,0.00003106,80.58635694
1771545600000,0.00002253,82.46000000
1771574400000,-0.00009514,83.39413085
1771603200000,0.00000303,84.33000000
1771632000004,0.00005856,84.62000000
1771660800000,-0.00009185,84.18000000
1771689600005,-0.00000616,86.52000000
1771718400001,-0.00005057,85.13000000
1771747200004,-0.00010584,85.19257546
1771776000000,-0.00006575,83.45453353
1771804800001,-0.00007447,82.75000000
1771833600000,-0.00053535,79.33364570
1771862400000,-0.00014788,79.37381545
1771891200007,-0.00004143,77.87000000
1771920000000,-0.00007491,76.81006723
1771948800001,-0.00005768,77.25000000
1771977600001,-0.00017258,78.90000000
1772006400007,0.00006827,82.14389088
1772035200000,0.00006240,85.95238390
1772064000000,0.00010000,88.01403517
1772092800006,0.00001584,87.20168246
1772121600002,-0.00006714,86.51000000
1772150400007,-0.00000235,85.87000000
1772179200000,-0.00008411,87.27350697
1772208000001,-0.00018881,82.64000000
1772236800000,0.00000504,81.80000000
1772265600000,-0.00020116,78.66000000
1772294400004,-0.00022315,80.86754461
1772323200005,-0.00004585,84.30664941
1772352000000,0.00010000,86.58000000
1772380800002,0.00005377,85.61000000
1772409600001,0.00002413,83.55000000
1772438400007,-0.00008580,82.90000000
1772467200000,-0.00001424,88.75543251
1772496000000,-0.00003622,86.60000000
1772524800000,-0.00006186,85.53754436
1772553600007,-0.00014862,84.99000000
1772582400001,0.00000307,86.92585871
1772611200005,0.00001145,87.40688987
1772640000000,0.00002400,92.89000000
1772668800000,0.00005985,90.82713925
1772697600000,-0.00007723,90.10216298
1772726400004,-0.00011105,89.55668754
1772755200001,0.00006362,88.72836530
1772784000001,-0.00007936,88.65000000
1772812800004,-0.00013058,84.57942747
1772841600001,-0.00006121,84.65169316
1772870400012,0.00000298,84.27000000
1772899200001,-0.00012228,83.69000000
1772928000001,-0.00010523,83.16471608
1772956800000,-0.00016925,82.90461995
1772985600002,-0.00019962,82.01088821
1773014400000,-0.00010144,81.57000000
1773043200004,-0.00008215,83.11000000
1773072000003,-0.00001812,85.01042437
1773100800012,0.00003046,84.91693406
1773129600002,0.00006257,86.66075123
1773158400001,-0.00001909,88.31000000
1773187200000,0.00000661,85.83000000
1773216000007,-0.00009673,85.39000000
1773244800010,-0.00010183,85.37000000
1773273600000,0.00004554,86.53000000
1773302400000,-0.00016439,85.78000000
1773331200000,-0.00000363,86.53000000
1773360000006,0.00007234,86.80000000
1773388800001,0.00007241,88.63000000
1773417600000,0.00009095,89.42798954
1773446400001,-0.00002650,88.12000000
1773475200000,-0.00006738,87.28263723
1773504000007,-0.00009915,86.68000000
1773532800000,-0.00010764,88.00000000
1773561600000,-0.00005506,88.18187400
1773590400000,0.00001663,87.86000000
1773619200000,0.00009583,92.29000000
1773648000010,0.00010000,93.54000000
1773676800000,0.00005241,93.14000000
1773705600000,0.00008675,96.15546577
1773734400002,0.00000497,94.38000000
1773763200011,-0.00001430,93.77000000
1773792000002,-0.00000883,94.57000000
1773820800002,-0.00004951,93.89326824
1773849600005,-0.00006465,89.31735445
1773878400000,-0.00010064,90.03196863
1773907200003,-0.00000165,89.38274806
1773936000003,-0.00000380,87.57162408
1773964800002,0.00000387,88.85000000
1773993600000,-0.00004929,89.32032084
1774022400000,-0.00006064,88.91436860
1774051200000,0.00002431,89.81000000
1774080000000,-0.00001160,90.09000000
1774108800014,-0.00012136,89.78000000
1774137600012,-0.00012994,87.51000000
1774166400007,-0.00013452,87.65000000
1774195200002,-0.00012882,87.52921056
1774224000000,-0.00006305,86.17476311
1774252800003,-0.00001921,85.93000000
1774281600002,0.00004974,89.91000000
1774310400000,0.00010000,91.40000000
1774339200000,0.00002758,91.70000000
1774368000003,-0.00011027,89.69000000
1774396800000,-0.00004578,90.75217934
1774425600000,0.00006687,91.78000000
1774454400013,0.00009615,91.73664664
1774483200001,0.00008033,91.65490413
1774512000001,-0.00019611,89.04000000
1774540800000,-0.00022349,87.47489853
1774569600006,-0.00022517,86.47056766
1774598400000,-0.00019053,85.86000000
1774627200000,-0.00039810,83.25108506
1774656000005,-0.00028259,83.04000000
1774684800005,-0.00021298,83.55000000
1774713600000,-0.00016926,83.75000000
1774742400003,-0.00030226,82.01985075
1774771200001,-0.00023173,82.39926748
1774800000000,-0.00014871,81.75000000
1774828800000,-0.00027324,81.33633904
1774857600005,-0.00000710,83.98000000
1774886400000,-0.00001962,84.46000000
1774915200000,-0.00008653,82.51000000
1774944000000,0.00003994,83.06000000
1774972800000,-0.00013830,80.82000000
1775001600000,0.00001608,83.15000000
1775030400000,-0.00000642,83.80000000
1775059200000,-0.00001877,83.58217839
1775088000003,0.00001042,81.14392049
1775116800001,-0.00023581,79.59000000
1775145600001,-0.00006199,79.01000000
1775174400000,-0.00000680,78.91000000
1775203200008,-0.00002576,79.90000000
1775232000008,0.00004323,80.29000000
1775260800000,-0.00004223,80.35000000
1775289600003,-0.00007014,80.27348478
1775318400000,-0.00003973,81.06000000
1775347200008,-0.00004086,80.80000000
1775376000000,-0.00009381,79.55921111
1775404800001,-0.00007917,79.55126527
1775433600004,-0.00001272,81.86000000
1775462400001,0.00007896,81.76929809
1775491200003,-0.00001845,82.24818036
1775520000000,-0.00010287,79.98000000
1775548800000,-0.00021212,79.81364852
1775577600000,-0.00006822,78.82883087
1775606400000,0.00010000,85.53000000
1775635200000,0.00010000,84.48095139
1775664000006,0.00010000,83.30147361
1775692800000,0.00004258,82.52476453
1775721600010,-0.00001292,82.24227732
1775750400001,0.00002462,83.70000000
1775779200000,0.00010000,83.28958469
1775808000005,0.00000100,82.92255636
1775836800000,0.00008338,84.20000000
1775865600000,0.00004330,84.78462873
1775894400000,-0.00001872,84.22717811
1775923200003,-0.00001220,84.63000000
1775952000000,0.00010000,84.89158292
1775980800000,-0.00011509,82.23000000
1776009600000,-0.00006761,81.55000000
1776038400011,0.00003827,81.48000000
1776067200006,-0.00000936,82.13000000
1776096000000,0.00010000,82.63000000
1776124800005,0.00010000,86.50000000
1776153600003,0.00010000,85.86000000
1776182400001,0.00010000,85.93000000
1776211200000,0.00000164,83.66985558
1776240000000,-0.00009128,82.88000000
1776268800000,-0.00002279,83.97373820
1776297600013,0.00010000,84.86000000
1776326400000,0.00010000,85.15450625
1776355200000,0.00007305,86.58000000
1776384000001,0.00010000,89.03000000
1776412800011,0.00003085,88.10000000
1776441600001,0.00001016,89.90243676
1776470400001,0.00000264,88.71505425
